却;que4
以;yi3
最;zui4
岸;an4
拿;na2
晃;huang3|huang4
深;shen1
碗;wan3
留;liu2
趟;tang1|tang4
一;yi1
一下;yi1 xia4
一共;yi1 gong4
一再;yi1 zai4
一切;yi1 qie4
一向;yi1 xiang4
一如既往;yi1 ru2 ji4 wang3
一定;yi1 ding4
一帆风顺;yi1 fan1 feng1 shun4
一度;yi1 du4
一律;yi1 lv4
一旦;yi1 dan4
一会儿;yi1 hui4 r5
一样;yi1 yang4
一流;yi1 liu2
一目了然;yi1 mu4 liao3 ran2
一直;yi1 zhi2
一丝不苟;yi1 si1 bu4 gou3
一致;yi1 zhi4
一举两得;yi1 ju3 liang3 de2
一般;yi1 ban1
一贯;yi1 guan4
一起;yi1 qi3
一辈子;yi1 bei4 zi5
一边;yi1 bian1
一点儿;yi1 dian3 r5
丁;ding1
七;qi1
万;mo4|wan4
丈夫;zhang4 fu5
三;san1
上;shang3|shang4
上任;shang4 ren4
上午;shang4 wu3
上游;shang4 you2
上班;shang4 ban1
上当;shang4 dang4
上瘾;shang4 yin3
上级;shang4 ji2
上网;shang4 wang3
上进;shang4 jin4
下;xia4
下午;xia4 wu3
下属;xia4 shu3
下载;xia4 zai3
下雨;xia4 yu3
不;bu4
不但;bu4 dan4
不仅;bu4 jin3
不像话;bu4 xiang4 hua4
不免;bu4 mian3
不可思议;bu4 ke3 si1 yi4
不堪;bu4 kan1
不如;bu4 ru2
不妨;bu4 fang2
不安;bu4 an1
不客气;bu4 ke4 qi5
不屑一顾;bu4 xie4 yi1 gu4
不得不;bu4 de2 bu4
不得了;bu4 de2 liao3
不得已;bu4 de2 yi3
不惜;bu4 xi1
不愧;bu4 kui4
不择手段;bu4 ze2 shou3 duan4
不敢当;bu4 gan3 dang1
不料;bu4 liao4
不断;bu4 duan4
不时;bu4 shi2
不止;bu4 zhi3
不然;bu4 ran2
不由得;bu4 you2 de5
不相上下;bu4 xiang1 shang4 xia4
不禁;bu4 jin1
不管;bu4 guan3
不耐烦;bu4 nai4 fan2
不要紧;bu4 yao4 jin3
不见得;bu4 jian4 de5
不言而喻;bu4 yan2 er2 yu4
不足;bu4 zu2
不过;bu4 guo4
不顾;bu4 gu4
丑;chou3
世代;shi4 dai4
世界;shi4 jie4
世纪;shi4 ji4
丘陵;qiu1 ling2
丙;bing3
丢;diu1
丢三落四;diu1 san1 la4 si4
丢人;diu1 ren2
并且;bing4 qie3
并列;bing4 lie4
并非;bing4 fei1
中介;zhong1 jie4
中午;zhong1 wu3
中国;zhong1 guo2
中央;zhong1 yang1
中心;zhong1 xin1
中文;zhong1 wen2
中断;zhong1 duan4
中旬;zhong1 xun2
中立;zhong1 li4
中间;zhong1 jian1
串;chuan4
丸;wan2
主人;zhu3 ren2
主任;zhu3 ren4
主动;zhu3 dong4
主导;zhu3 dao3
主席;zhu3 xi2
主张;zhu3 zhang1
主意;zhu3 yi5
主持;zhu3 chi2
主权;zhu3 quan2
主流;zhu3 liu2
主管;zhu3 guan3
主义;zhu3 yi4
主要;zhu3 yao4
主观;zhu3 guan1
主办;zhu3 ban4
主题;zhu3 ti2
久;jiu3
之;zhi1
之际;zhi1 ji4
乒乓球;ping1 pang1 qiu2
乖;guai1
乘;cheng2|sheng4
乘坐;cheng2 zuo4
乙;yi3|zhe2
九;jiu3
乞丐;qi3 gai4
也;ye3
也许;ye3 xu3
干;gan1|gan4
干旱;gan1 han4
干杯;gan1 bei1
干净;gan1 jing4
干燥;gan1 zao4
干脆;gan1 cui4
乱;luan4
了;le5|liao3|liao4
了不起;liao3 bu5 qi3
了解;liao3 jie3
事件;shi4 jian4
事先;shi4 xian1
事务;shi4 wu4
事实;shi4 shi2
事情;shi4 qing5
事态;shi4 tai4
事故;shi4 gu4
事业;shi4 ye4
事物;shi4 wu4
事迹;shi4 ji4
事项;shi4 xiang4
二;er4
二氧化碳;er4 yang3 hua4 tan4
云;yun2
互相;hu4 xiang1
互联网;hu4 lian2 wang3
五;wu3
井;jing3
些;xie1
亚洲;ya4 zhou1
亚军;ya4 jun1
交;jiao1
交代;jiao1 dai4
交叉;jiao1 cha1
交往;jiao1 wang3
交换;jiao1 huan4
交易;jiao1 yi4
交流;jiao1 liu2
交涉;jiao1 she4
交通;jiao1 tong1
交际;jiao1 ji4
亦;yi4
享受;xiang3 shou4
京剧;jing1 ju4
亭子;ting2 zi5
亮;liang4
夜;ye4
人;ren2
人事;ren2 shi4
人口;ren2 kou3
人员;ren2 yuan2
人士;ren2 shi4
人家;ren2 jia5|ren2 jia1
人工;ren2 gong1
人性;ren2 xing4
人才;ren2 cai2
人格;ren2 ge2
人民币;ren2 min2 bi4
人为;ren2 wei2
人物;ren2 wu4
人生;ren2 sheng1
人质;ren2 zhi4
人道;ren2 dao4
人间;ren2 jian1
人类;ren2 lei4
什么;shen2 me5
仁慈;ren2 ci2
今天;jin1 tian1
介绍;jie4 shao4
仍然;reng2 ran2
仍旧;reng2 jiu4
从;cong2
仔细;zi3 xi4
他;ta1
付款;fu4 kuan3
代价;dai4 jia4
代替;dai4 ti4
代理;dai4 li3
代表;dai4 biao3
以来;yi3 lai2
以便;yi3 bian4
以免;yi3 mian3
以前;yi3 qian2
以及;yi3 ji2
以往;yi3 wang3
以为;yi3 wei2
以至;yi3 zhi4
以致;yi3 zhi4
件;jian4
任何;ren4 he2
任务;ren4 wu5
任命;ren4 ming4
任性;ren4 xing4
任意;ren4 yi4
任重道远;ren4 zhong4 dao4 yuan3
份;fen4
仿佛;fang3 fu2
企图;qi3 tu2
企业;qi3 ye4
休息;xiu1 xi5
休闲;xiu1 xian2
伙伴;huo3 ban4
伯母;bo2 mu3
估计;gu1 ji4
伴侣;ban4 lv3
伴随;ban4 sui2
伶俐;ling2 li4
伸;shen1
伺候;ci4 hou4
似乎;si4 hu1
似的;shi4 de5
但是;dan4 shi4
布;bu4
布告;bu4 gao4
布局;bu4 ju2
布置;bu4 zhi4
位;wei4
位于;wei4 yu2
位置;wei4 zhi5
低;di1
住;zhu4
住宅;zhu4 zhai2
占;zhan4|zhan1
占据;zhan4 ju4
占线;zhan4 xian4
占领;zhan4 ling3
何必;he2 bi4
何况;he2 kuang4
作品;zuo4 pin3
作家;zuo4 jia1
作废;zuo4 fei4
作弊;zuo4 bi4
作息;zuo4 xi1
作文;zuo4 wen2
作业;zuo4 ye4
作为;zuo4 wei2
作用;zuo4 yong4
作者;zuo4 zhe3
作风;zuo4 feng1
你;ni3
佩服;pei4 fu2
佳肴;jia1 yao2
使;shi3
使劲儿;shi3 jin4 r5
使命;shi3 ming4
使用;shi3 yong4
侃侃而谈;kan3 kan3 er2 tan2
来;lai2
来不及;lai2 bu5 ji2
来得及;lai2 de5 ji2
来历;lai2 li4
来源;lai2 yuan2
来自;lai2 zi4
例外;li4 wai4
例如;li4 ru2
供不应求;gong1 bu4 ying4 qiu2
供给;gong1 ji3
依据;yi1 ju4
依然;yi1 ran2
依旧;yi1 jiu4
依托;yi1 tuo1
依赖;yi1 lai4
依靠;yi1 kao4
侮辱;wu3 ru3
侵犯;qin1 fan4
侵略;qin1 lve4
局限;ju2 xian4
便;bian4|pian2
便利;bian4 li4
便宜;bian4 yi2|pian2 yi5
便于;bian4 yu2
便条;bian4 tiao2
系;ji4|xi4
促使;cu4 shi3
促进;cu4 jin4
俗话;su2 hua4
俘虏;fu2 lu3
保姆;bao3 mu3
保存;bao3 cun2
保守;bao3 shou3
保密;bao3 mi4
保持;bao3 chi2
保留;bao3 liu2
保管;bao3 guan3
保卫;bao3 wei4
保证;bao3 zheng4
保护;bao3 hu4
保重;bao3 zhong4
保障;bao3 zhang4
保险;bao3 xian3
保养;bao3 yang3
信仰;xin4 yang3
信任;xin4 ren4
信封;xin4 feng1
信心;xin4 xin1
信念;xin4 nian4
信息;xin4 xi1
信用卡;xin4 yong4 ka3
信号;xin4 hao4
信誉;xin4 yu4
信赖;xin4 lai4
修建;xiu1 jian4
修复;xiu1 fu4
修改;xiu1 gai3
修理;xiu1 li3
修养;xiu1 yang3
俯视;fu3 shi4
俱乐部;ju4 le4 bu4
俩;lia3|liang3
仓促;cang1 cu4
仓库;cang1 ku4
个;ge4|ge3
个人;ge4 ren2
个别;ge4 bie2
个子;ge4 zi5
个性;ge4 xing4
个体;ge4 ti3
倍;bei4
倒;dao3|dao4
倒闭;dao3 bi4
倒霉;dao3 mei2
倔强;jue2 jiang4
倘若;tang3 ruo4
候选;hou4 xuan3
借;jie4
借助;jie4 zhu4
借口;jie4 kou3
借鉴;jie4 jian4
倡导;chang4 dao3
倡议;chang4 yi4
值得;zhi2 de5
值班;zhi2 ban1
假;gei1|jia3|jia4
假如;jia3 ru2
假装;jia3 zhuang1
假设;jia3 she4
伟大;wei3 da4
偏偏;pian1 pian1
偏僻;pian1 pi4
偏差;pian1 cha1
偏见;pian1 jian4
做;zuo4
做主;zuo4 zhu3
停;ting2
停泊;ting2 bo2
停滞;ting2 zhi4
停顿;ting2 dun4
健全;jian4 quan2
健康;jian4 kang1
健身;jian4 shen1
侧面;ce4 mian4
侦探;zhen1 tan4
偶像;ou3 xiang4
偶然;ou3 ran2
偶尔;ou3 er3
偷;tou1
伪造;wei3 zao4
傍晚;bang4 wan3
杰出;jie2 chu1
伞;san3
备份;bei4 fen4
备忘录;bei4 wang4 lu4
家;jia1
家伙;jia1 huo5
催;cui1
传单;chuan2 dan1
传授;chuan2 shou4
传播;chuan2 bo1
传染;chuan2 ran3
传真;chuan2 zhen1
传统;chuan2 tong3
传记;zhuan4 ji4
传说;chuan2 shuo1
传达;chuan2 da2
债券;zhai4 quan4
伤害;shang1 hai4
伤心;shang1 xin1
伤脑筋;shang1 nao3 jin1
傻;sha3
倾向;qing1 xiang4
倾斜;qing1 xie2
倾听;qing1 ting1
像;xiang4
侥幸;jiao3 xing4
僵硬;jiang1 ying4
价值;jia4 zhi2
价格;jia4 ge2
仪器;yi2 qi4
仪式;yi2 shi4
亿;yi4
儒家;ru2 jia1
尽快;jin3 kuai4|jin4 kuai4
尽管;jin3 guan3
尽量;jin4 liang4|jin3 liang4
偿还;chang2 huan2
优先;you1 xian1
优胜劣汰;you1 sheng4 lie4 tai4
优势;you1 shi4
优惠;you1 hui4
优异;you1 yi4
优秀;you1 xiu4
优美;you1 mei3
优越;you1 yue4
优点;you1 dian3
储备;chu3 bei4
储存;chu3 cun2
储蓄;chu3 xu4
允许;yun3 xu3
元;yuan2
元宵节;yuan2 xiao1 jie2
元旦;yuan2 dan4
元素;yuan2 su4
元首;yuan2 shou3
兄弟;xiong1 di4
充分;chong1 fen4
充实;chong1 shi2
充沛;chong1 pei4
充满;chong1 man3
充当;chong1 dang1
充足;chong1 zu2
充电器;chong1 dian4 qi4
凶恶;xiong1 e4
凶手;xiong1 shou3
先;xian1
先前;xian1 qian2
先生;xian1 sheng5
先进;xian1 jin4
光;guang1
光彩;guang1 cai3
光明;guang1 ming2
光荣;guang1 rong2
光滑;guang1 hua2
光盘;guang1 pan2
光临;guang1 lin2
光芒;guang1 mang2
光辉;guang1 hui1
克;ke4
克制;ke4 zhi4
克服;ke4 fu2
兑换;dui4 huan4
兑现;dui4 xian4
免得;mian3 de5
免疫;mian3 yi4
免费;mian3 fei4
儿子;er2 zi5
儿童;er2 tong2
兔子;tu4 zi5
兜;dou1
兢兢业业;jing1 jing1 ye4 ye4
入口;ru4 kou3
内;nei4
内在;nei4 zai4
内容;nei4 rong2
内幕;nei4 mu4
内涵;nei4 han2
内科;nei4 ke1
内部;nei4 bu4
全力以赴;quan2 li4 yi3 fu4
全局;quan2 ju2
全部;quan2 bu4
全面;quan2 mian4
两;liang3
八;ba1
公主;gong1 zhu3
公布;gong1 bu4
公元;gong1 yuan2
公共汽车;gong1 gong4 qi4 che1
公务;gong1 wu4
公司;gong1 si1
公告;gong1 gao4
公园;gong1 yuan2
公安局;gong1 an1 ju2
公寓;gong1 yu4
公平;gong1 ping2
公式;gong1 shi4
公斤;gong1 jin1
公正;gong1 zheng4
公民;gong1 min2
公然;gong1 ran2
公认;gong1 ren4
公证;gong1 zheng4
公道;gong1 dao5|gong1 dao4
公里;gong1 li3
公开;gong1 kai1
公关;gong1 guan1
六;liu4
共同;gong4 tong2
共和国;gong4 he2 guo2
共计;gong4 ji4
共鸣;gong4 ming2
其中;qi2 zhong1
其他;qi2 ta1
其实;qi2 shi2
其次;qi2 ci4
其余;qi2 yu2
具备;ju4 bei4
具体;ju4 ti3
典型;dian3 xing2
典礼;dian3 li3
兼职;jian1 zhi2
册;ce4
再;zai4
再三;zai4 san1
再接再厉;zai4 jie1 zai4 li4
再见;zai4 jian4
冒充;mao4 chong1
冒犯;mao4 fan4
冒险;mao4 xian3
冠军;guan4 jun1
冤枉;yuan1 wang5
冬;dong1
冰激凌;bing1 ji1 ling2
冰箱;bing1 xiang1
冰雹;bing1 bao2
冷;leng3
冷却;leng3 que4
冷淡;leng3 dan4
冷落;leng3 luo4
冷酷;leng3 ku4
冷静;leng3 jing4
凌晨;ling2 chen2
冻;dong4
冻结;dong4 jie2
凝固;ning2 gu4
凝聚;ning2 ju4
凝视;ning2 shi4
几;ji1|ji3
凡是;fan2 shi4
凭;ping2
凹凸;ao1 tu1
出;chu1
出口;chu1 kou3
出差;chu1 chai1
出席;chu1 xi2
出息;chu1 xi5|chu1 xi1
出版;chu1 ban3
出现;chu1 xian4
出生;chu1 sheng1
出发;chu1 fa1
出示;chu1 shi4
出神;chu1 shen2
出租车;chu1 zu1 che1
出色;chu1 se4
出卖;chu1 mai4
出路;chu1 lu4
出身;chu1 shen1
刀;dao1
分;fen1|fen4
分布;fen1 bu4
分别;fen1 bie2
分寸;fen1 cun5
分手;fen1 shou3
分散;fen1 san4
分明;fen1 ming2
分析;fen1 xi1
分歧;fen1 qi2
分泌;fen1 mi4
分红;fen1 hong2
分裂;fen1 lie4
分解;fen1 jie3
分辨;fen1 bian4
分配;fen1 pei4
分量;fen1 liang4|fen4 liang5
分钟;fen1 zhong1
切;qie1|qie4
切实;qie4 shi2
刊物;kan1 wu4
刊登;kan1 deng1
刑事;xing2 shi4
划;hua4|hua2
列举;lie4 ju3
列车;lie4 che1
初步;chu1 bu4
初级;chu1 ji2
判断;pan4 duan4
判决;pan4 jue2
别;bie2|bie4
别人;bie2 ren5
别墅;bie2 shu4
别致;bie2 zhi4
利害;li4 hai4|li4 hai5
利息;li4 xi1
利润;li4 run4
利用;li4 yong4
利益;li4 yi4
删除;shan1 chu2
到;dao4
到底;dao4 di3
到处;dao4 chu4
到达;dao4 da2
制定;zhi4 ding4
制度;zhi4 du4
制服;zhi4 fu2
制止;zhi4 zhi3
制约;zhi4 yue1
制裁;zhi4 cai2
刷牙;shua1 ya2
刺;ci1|ci4
刺激;ci4 ji1
刻;ke4
刻不容缓;ke4 bu4 rong2 huan3
刻苦;ke4 ku3
则;ze2
削;xue1|xiao1
削弱;xue1 ruo4
前提;qian2 ti2
前景;qian2 jing3
前途;qian2 tu2
前面;qian2 mian4
刹车;sha1 che1
刹那;cha4 na4
刚;gang1
刚才;gang1 cai2
剥削;bo1 xue1
剩;sheng4
剪刀;jian3 dao1
剪彩;jian3 cai3
副;fu4
割;ge1
创作;chuang4 zuo4
创新;chuang4 xin1
创业;chuang4 ye4
创立;chuang4 li4
创造;chuang4 zao4
划分;hua4 fen1
剧本;ju4 ben3
剧烈;ju4 lie4
劈;pi1|pi3
剑;jian4
力所能及;li4 suo3 neng2 ji2
力气;li4 qi5
力求;li4 qiu2
力争;li4 zheng1
力量;li4 liang5
功劳;gong1 lao2
功夫;gong1 fu5
功效;gong1 xiao4
功能;gong1 neng2
加剧;jia1 ju4
加工;jia1 gong1
加油站;jia1 you2 zhan4
加班;jia1 ban1
助手;zhu4 shou3
助理;zhu4 li3
努力;nu3 li4
勇敢;yong3 gan3
勇于;yong3 yu2
勇气;yong3 qi4
勉励;mian3 li4
勉强;mian3 qiang3
动作;dong4 zuo4
动力;dong4 li4
动员;dong4 yuan2
动态;dong4 tai4
动手;dong4 shou3
动机;dong4 ji1
动物;dong4 wu4
动画片;dong4 hua4 pian4
动荡;dong4 dang4
动脉;dong4 mai4
动身;dong4 shen1
动静;dong4 jing4
勘探;kan1 tan4
务必;wu4 bi4
胜利;sheng4 li4
胜负;sheng4 fu4
劳动;lao2 dong4
劳驾;lao2 jia4
势力;shi4 li5
势必;shi4 bi4
勤俭;qin2 jian3
勤劳;qin2 lao2
勤奋;qin2 fen4
劝;quan4
勺子;shao2 zi5
勾结;gou1 jie2
勿;wu4
包;bao1
包含;bao1 han2
包围;bao1 wei2
包子;bao1 zi5
包庇;bao1 bi4
包括;bao1 kuo4
包袱;bao1 fu5
包装;bao1 zhuang1
包裹;bao1 guo3
匆忙;cong1 mang2
化妆;hua4 zhuang1
化学;hua4 xue2
化石;hua4 shi2
化肥;hua4 fei2
化验;hua4 yan4
北京;bei3 jing1
北方;bei3 fang1
北极;bei3 ji2
汇报;hui4 bao4
汇率;hui4 lv4
匹;pi1|pi3
区分;qu1 fen1
区别;qu1 bie2
区域;qu1 yu4
十;shi2
十分;shi2 fen1
十足;shi2 zu2
千;qian1
千方百计;qian1 fang1 bai3 ji4
千万;qian1 wan4
升;sheng1
半;ban4
半途而废;ban4 tu2 er2 fei4
卑鄙;bei1 bi3
卓越;zhuo2 yue4
协助;xie2 zhu4
协商;xie2 shang1
协会;xie2 hui4
协调;xie2 tiao2
协议;xie2 yi4
南;nan2
南辕北辙;nan2 yuan2 bei3 zhe2
博士;bo2 shi4
博大精深;bo2 da4 jing1 shen1
博物馆;bo2 wu4 guan3
博览会;bo2 lan3 hui4
卡车;ka3 che1
卡通;ka3 tong1
印刷;yin4 shua1
印象;yin4 xiang4
危害;wei1 hai4
危机;wei1 ji1
危险;wei1 xian3
即使;ji2 shi3
即便;ji2 bian4
即将;ji2 jiang1
卷;juan4|juan3
厚;hou4
原来;yuan2 lai2
原先;yuan2 xian1
原则;yuan2 ze2
原告;yuan2 gao4
原因;yuan2 yin1
原始;yuan2 shi3
原料;yuan2 liao4
原理;yuan2 li3
原谅;yuan2 liang4
厌恶;yan4 wu4
厉害;li4 hai5
去;qu4
去世;qu4 shi4
去年;qu4 nian2
参加;can1 jia1
参照;can1 zhao4
参考;can1 kao3
参与;can1 yu4
参观;can1 guan1
参谋;can1 mou2
又;you4
叉子;cha1 zi5
及早;ji2 zao3
及时;ji2 shi2
及格;ji2 ge2
友好;you3 hao3
友谊;you3 yi4
反之;fan3 zhi1
反问;fan3 wen4
反射;fan3 she4
反对;fan3 dui4
反常;fan3 chang2
反复;fan3 fu4
反思;fan3 si1
反感;fan3 gan3
反应;fan3 ying4
反抗;fan3 kang4
反映;fan3 ying4
反正;fan3 zheng4
反而;fan3 er2
反面;fan3 mian4
反馈;fan3 kui4
反驳;fan3 bo2
叔叔;shu1 shu5
取;qu3
取消;qu3 xiao1
取缔;qu3 di4
受不了;shou4 bu4 liao3
受伤;shou4 shang1
受到;shou4 dao4
受罪;shou4 zui4
丛;cong2
口;kou3
口味;kou3 wei4
口气;kou3 qi4
口腔;kou3 qiang1
口音;kou3 yin1|kou3 yin5
口头;kou3 tou2
古代;gu3 dai4
古典;gu3 dian3
古怪;gu3 guai4
古董;gu3 dong3
句子;ju4 zi5
另外;ling4 wai4
只;zhi3|zhi1
只好;zhi3 hao3
只有;zhi3 you3
只要;zhi3 yao4
叫;jiao4
召开;zhao4 kai1
叮嘱;ding1 zhu3
可以;ke3 yi3
可口;ke3 kou3
可怕;ke3 pa4
可惜;ke3 xi1
可恶;ke3 wu4
可爱;ke3 ai4
可怜;ke3 lian2
可是;ke3 shi4
可能;ke3 neng2
可行;ke3 xing2
可见;ke3 jian4
可观;ke3 guan1
可靠;ke3 kao4
台;tai2
右边;you4 bian5
司令;si1 ling4
司机;si1 ji1
司法;si1 fa3
叼;diao1
吃;chi1
吃力;chi1 li4
吃苦;chi1 ku3
吃亏;chi1 kui1
吃惊;chi1 jing1
各;ge4
各抒己见;ge4 shu1 ji3 jian4
各自;ge4 zi4
合并;he2 bing4
合伙;he2 huo3
合作;he2 zuo4
合同;he2 tong5
合影;he2 ying3
合成;he2 cheng2
合格;he2 ge2
合法;he2 fa3
合理;he2 li3
合算;he2 suan4
合适;he2 shi4
吉祥;ji2 xiang2
吊;diao4
同事;tong2 shi4
同学;tong2 xue2
同志;tong2 zhi4
同情;tong2 qing2
同意;tong2 yi4
同时;tong2 shi2
同胞;tong2 bao1
名副其实;ming2 fu4 qi2 shi2
名胜古迹;ming2 sheng4 gu3 ji4
名字;ming2 zi5
名次;ming2 ci4
名片;ming2 pian4
名牌;ming2 pai2
名誉;ming2 yu4
名额;ming2 e2
吐;tu3|tu4
向;xiang4
向来;xiang4 lai2
君子;jun1 zi3
吝啬;lin4 se4
吞吞吐吐;tun1 tun1 tu3 tu3
否则;fou3 ze2
否定;fou3 ding4
否决;fou3 jue2
否认;fou3 ren4
吧;ba5|bia1|ba1
吩咐;fen1 fu4
含糊;han2 hu5
含义;han2 yi4
听;yin3|ting4|ting1
吵;chao3
吵架;chao3 jia4
吸取;xi1 qu3
吸引;xi1 yin3
吸收;xi1 shou1
吹;chui1
吹捧;chui1 peng3
吹牛;chui1 niu2
吻;wen3
吼;hou3
呀;ya5
呆;dai1
呈现;cheng2 xian4
告别;gao4 bie2
告诉;gao4 su5|gao4 su4
告诫;gao4 jie4
告辞;gao4 ci2
呢;ni2|ne5
周到;zhou1 dao4
周围;zhou1 wei2
周密;zhou1 mi4
周折;zhou1 zhe2
周转;zhou1 zhuan3
周边;zhou1 bian1
味道;wei4 dao5
呵;a1|he1
呻吟;shen1 yin2
呼吸;hu1 xi1
呼唤;hu1 huan4
呼啸;hu1 xiao4
呼吁;hu1 yu4
命令;ming4 ling4
命名;ming4 ming2
命运;ming4 yun4
咀嚼;ju3 jue2
和;huo4|hu2|huo2|he4|he2
咋;ze2|za3|zha4
和平;he2 ping2
和气;he2 qi5
和睦;he2 mu4
和蔼;he2 ai3
和解;he2 jie3
和谐;he2 xie2
咖啡;ka1 fei1
咨询;zi1 xun2
咬;yao3
咱们;zan2 men5
笑;xiao4
咳嗽;ke2 sou5
咸;xian2
品尝;pin3 chang2
品德;pin3 de2
品种;pin3 zhong3
品质;pin3 zhi4
哄;hong4|hong1|hong3
哆嗦;duo1 suo5
哇;wa1|wa5
哈;ha3|ha1
哎;ai1
员工;yuan2 gong1
哥哥;ge1 ge5
哦;o5|o2|o4|e2
哨;shao4
哪;na3|ne2|nei3|na5
哪儿;na3 r5
哪怕;na3 pa4
哭;ku1
哭泣;ku1 qi4
哲学;zhe2 xue2
哺乳;bu3 ru3
哼;heng1
唉;ai4|ai1
售货员;shou4 huo4 yuan2
唯一;wei2 yi1
唯独;wei2 du2
唱歌;chang4 ge1
念;nian4
唾弃;tuo4 qi4
啃;ken3
商务;shang1 wu4
商品;shang1 pin3
商店;shang1 dian4
商业;shang1 ye4
商标;shang1 biao1
商量;shang1 liang5
啊;a3|a2|a4|a5|a1
问;wen4
问世;wen4 shi4
问候;wen4 hou4
问题;wen4 ti2
启事;qi3 shi4
启发;qi3 fa1
启蒙;qi3 meng2
启示;qi3 shi4
启程;qi3 cheng2
啤酒;pi2 jiu3
啥;sha2
啦;la1|la5
喂;wei4|wei2
善于;shan4 yu2
善良;shan4 liang2
喇叭;la3 ba5
喉咙;hou2 long2
喊;han3
喘气;chuan3 qi4
喜悦;xi3 yue4
喜欢;xi3 huan5
喜闻乐见;xi3 wen2 le4 jian4
喝;he1|he4
喧哗;xuan1 hua2
丧失;sang4 shi1
单位;dan1 wei4
单元;dan1 yuan2
单独;dan1 du2
单纯;dan1 chun2
单调;dan1 diao4
嗅觉;xiu4 jue2
吗;ma2|ma5|ma3
嗓子;sang3 zi5
嗨;hai1
嗯;en4|en5|en1
叹气;tan4 qi4
嘈杂;cao2 za2
嘉宾;jia1 bin1
呕吐;ou3 tu4
尝;chang2
尝试;chang2 shi4
嘛;ma2|ma5
唠叨;lao2 dao5
嘲笑;chao2 xiao4
嘴;zui3
嘴唇;zui3 chun2
嘿;hei1
恶心;e3 xin1|e4 xin1
器官;qi4 guan1
器材;qi4 cai2
噪音;zao4 yin1
吨;dun1
当;dang4|dang1
吓;xia4|he4
向导;xiang4 dao3
向往;xiang4 wang3
严厉;yan2 li4
严密;yan2 mi4
严寒;yan2 han2
严峻;yan2 jun4
严格;yan2 ge2
严禁;yan2 jin4
严肃;yan2 su4
严重;yan2 zhong4
嚷;rang3
啰唆;luo1 suo5
嘱咐;zhu3 fu4
四;si4
四肢;si4 zhi1
回;hui2
回报;hui2 bao4
回忆;hui2 yi4
回收;hui2 shou1
回答;hui2 da2
回避;hui2 bi4
回顾;hui2 gu4
因此;yin1 ci3
因为;yin1 wei4
因素;yin1 su4
因而;yin1 er2
困;kun4
困难;kun4 nan5
固执;gu4 zhi2
固定;gu4 ding4
固有;gu4 you3
固然;gu4 ran2
固体;gu4 ti3
圈;quan1|juan1|juan4
圈套;quan1 tao4
国务院;guo2 wu4 yuan4
国家;guo2 jia1
国庆节;guo2 qing4 jie2
国王;guo2 wang2
国籍;guo2 ji2
国防;guo2 fang2
国际;guo2 ji4
围巾;wei2 jin1
围绕;wei2 rao4
园林;yuan2 lin2
圆;yuan2
圆满;yuan2 man3
图书馆;tu2 shu1 guan3
图案;tu2 an4
团;tuan2
团圆;tuan2 yuan2
团结;tuan2 jie2
团体;tuan2 ti3
土地;tu3 di4|tu3 di5
土壤;tu3 rang3
土豆;tu3 dou4
在;zai4
在乎;zai4 hu5
在意;zai4 yi4
在于;zai4 yu2
地;de5|di4
地位;di4 wei4
地势;di4 shi4
地区;di4 qu1
地图;di4 tu2
地址;di4 zhi3
地方;di4 fang1|di4 fang5
地步;di4 bu4
地毯;di4 tan3
地球;di4 qiu2
地理;di4 li3
地质;di4 zhi4
地道;di4 dao4|di4 dao5
地铁;di4 tie3
地震;di4 zhen4
地点;di4 dian3
均匀;jun1 yun2
坐;zuo4
坑;keng1
坡;po1
坦率;tan3 shuai4
坦白;tan3 bai2
垂直;chui2 zhi2
垃圾桶;la1 ji1 tong3
埋伏;mai2 fu2
埋怨;man2 yuan4
埋没;mai2 mo4
埋葬;mai2 zang4
城堡;cheng2 bao3
城市;cheng2 shi4
执照;zhi2 zhao4
执着;zhi2 zhuo2
执行;zhi2 xing2
培育;pei2 yu4
培训;pei2 xun4
培养;pei2 yang3
基因;ji1 yin1
基地;ji1 di4
基本;ji1 ben3
基础;ji1 chu3
基金;ji1 jin1
坚固;jian1 gu4
坚定;jian1 ding4
坚实;jian1 shi2
坚强;jian1 qiang2
坚持;jian1 chi2
坚决;jian1 jue2
坚硬;jian1 ying4
坚韧;jian1 ren4
堆;dui1
堆积;dui1 ji1
堤坝;di1 ba4
报仇;bao4 chou2
报到;bao4 dao4
报名;bao4 ming2
报告;bao4 gao4
报复;bao4 fu4
报社;bao4 she4
报答;bao4 da2
报纸;bao4 zhi3
报警;bao4 jing3
报道;bao4 dao4
报酬;bao4 chou5
报销;bao4 xiao1
场;chang2|chang3
场合;chang3 he2
场所;chang3 suo3
场面;chang3 mian4
堵塞;du3 se4
堵车;du3 che1
块;kuai4
塌;ta1
塑料袋;su4 liao4 dai4
塑造;su4 zao4
塔;ta3
涂抹;tu2 mo3
填空;tian2 kong4
砖;zhuan1
境界;jing4 jie4
垫;dian4
坠;zhui4
增加;zeng1 jia1
增添;zeng1 tian1
墨水儿;mo4 shui3 r5
堕落;duo4 luo4
坟墓;fen2 mu4
墙;qiang2
压制;ya1 zhi4
压力;ya1 li4
压抑;ya1 yi4
压榨;ya1 zha4
压岁钱;ya1 sui4 qian2
压缩;ya1 suo1
压迫;ya1 po4
坏;huai4
垄断;long3 duan4
士兵;shi4 bing1
壮烈;zhuang4 lie4
壮观;zhuang4 guan1
壮丽;zhuang4 li4
壶;hu2
寿命;shou4 ming4
夏;xia4
夏令营;xia4 ling4 ying2
夕阳;xi1 yang2
外;wai4
外交;wai4 jiao1
外公;wai4 gong1
外向;wai4 xiang4
外界;wai4 jie4
外行;wai4 hang2
外表;wai4 biao3
多;duo1
多元化;duo1 yuan2 hua4
多少;duo1 shao5|duo1 shao3
多亏;duo1 kui1
多余;duo1 yu2
多么;duo1 me5
够;gou4
梦;meng4
梦想;meng4 xiang3
大;dai4|da4
大不了;da4 bu4 liao3
大伙儿;da4 huo3 r5
大使馆;da4 shi3 guan3
大型;da4 xing2
大夫;da4 fu1|dai4 fu5
大家;da4 jia1
大厦;da4 sha4
大意;da4 yi5|da4 yi4
大方;da4 fang1|da4 fang5
大概;da4 gai4
大约;da4 yue1
大肆;da4 si4
大臣;da4 chen2
大致;da4 zhi4
大象;da4 xiang4
大体;da4 ti3
天伦之乐;tian1 lun2 zhi1 le4
天堂;tian1 tang2
天才;tian1 cai2
天文;tian1 wen2
天气;tian1 qi4
天然气;tian1 ran2 qi4
天生;tian1 sheng1
天真;tian1 zhen1
天空;tian1 kong1
天赋;tian1 fu4
太;tai4
太太;tai4 tai5
太极拳;tai4 ji2 quan2
太空;tai4 kong1
太阳;tai4 yang5
夫人;fu1 ren5
夫妇;fu1 fu4
失事;shi1 shi4
失去;shi1 qu4
失败;shi1 bai4
失望;shi1 wang4
失业;shi1 ye4
失眠;shi1 mian2
失误;shi1 wu4
失踪;shi1 zong1
夸;kua1
夹子;jia1 zi5
夹杂;jia1 za2
奇妙;qi2 miao4
奇怪;qi2 guai4
奇迹;qi2 ji4
奉献;feng4 xian4
奔波;ben1 bo1
奔驰;ben1 chi2
套;tao4
奠定;dian4 ding4
奢侈;she1 chi3
奥秘;ao4 mi4
奋斗;fen4 dou4
女;ru3|nv3
女儿;nv3 er2
女士;nv3 shi4
奴隶;nu2 li4
奶奶;nai3 nai5
她;ta1
好;hao3|hao4
好像;hao3 xiang4
好吃;hao3 chi1|hao4 chi1
好奇;hao4 qi2
好客;hao4 ke4
好处;hao3 chu5|hao3 chu3
如今;ru2 jin1
如何;ru2 he2
如果;ru2 guo3
妄想;wang4 xiang3
妥协;tuo3 xie2
妥善;tuo3 shan4
妥当;tuo3 dang5
妨碍;fang2 ai4
妹妹;mei4 mei5
妻子;qi1 zi5|qi1 zi3
始终;shi3 zhong1
姐姐;jie3 jie5
姑且;gu1 qie3
姑姑;gu1 gu5
姑娘;gu1 niang5
姓;xing4
委员;wei3 yuan2
委屈;wei3 qu5
委托;wei3 tuo1
姥姥;lao3 lao5
侄子;zhi2 zi5
姿势;zi1 shi4
姿态;zi1 tai4
威信;wei1 xin4
威力;wei1 li4
威望;wei1 wang4
威胁;wei1 xie2
威风;wei1 feng1
娃娃;wa2 wa5
娱乐;yu2 le4
娶;qu3
婚姻;hun1 yin1
婚礼;hun1 li3
妇女;fu4 nv3
媒介;mei2 jie4
媒体;mei2 ti3
媳妇;xi2 fu4
妈妈;ma1 ma5
嫁;jia4
嫂子;sao3 zi5
嫉妒;ji2 du4
嫌;xian2
嫌疑;xian2 yi2
嫩;nen4
娇气;jiao1 qi4
婴儿;ying1 er2
懒;lan3
子弹;zi3 dan4
孔;kong3
孕育;yun4 yu4
字;zi4
字幕;zi4 mu4
字母;zi4 mu3
存;cun2
存在;cun2 zai4
孝顺;xiao4 shun4
季度;ji4 du4
季节;ji4 jie2
季军;ji4 jun1
孤独;gu1 du2
孤立;gu1 li4
孩子;hai2 zi5
孙子;sun1 zi5|sun1 zi3
学位;xue2 wei4
学问;xue2 wen4
学期;xue2 qi1
学校;xue2 xiao4
学历;xue2 li4
学生;xue2 sheng5
学习;xue2 xi2
学术;xue2 shu4
学说;xue2 shuo1
它;ta1
宇宙;yu3 zhou4
守护;shou3 hu4
安全;an1 quan2
安宁;an1 ning2
安慰;an1 wei4
安排;an1 pai2
安置;an1 zhi4
安装;an1 zhuang1
安详;an1 xiang2
安静;an1 jing4
完;wan2
完备;wan2 bei4
完全;wan2 quan2
完善;wan2 shan4
完成;wan2 cheng2
完整;wan2 zheng3
完毕;wan2 bi4
完美;wan2 mei3
宏伟;hong2 wei3
宏观;hong2 guan1
宗教;zong1 jiao4
宗旨;zong1 zhi3
官;guan1
官方;guan1 fang1
定期;ding4 qi1
定义;ding4 yi4
客人;ke4 ren2
客厅;ke4 ting1
客户;ke4 hu4
客观;ke4 guan1
宣传;xuan1 chuan2
宣布;xuan1 bu4
宣扬;xuan1 yang2
宣誓;xuan1 shi4
宫殿;gong1 dian4
宰;zai3
害怕;hai4 pa4
害羞;hai4 xiu1
宴会;yan4 hui4
家具;jia1 ju4
家务;jia1 wu4
家喻户晓;jia1 yu4 hu4 xiao3
家属;jia1 shu3
家常;jia1 chang2
家庭;jia1 ting2
家乡;jia1 xiang1
容器;rong2 qi4
容忍;rong2 ren3
容易;rong2 yi4
容纳;rong2 na4
容貌;rong2 mao4
宿舍;su4 she4
寂寞;ji4 mo4
寂静;ji4 jing4
寄;ji4
寄托;ji4 tuo1
密切;mi4 qie4
密封;mi4 feng1
密度;mi4 du4
密码;mi4 ma3
富;fu4
富裕;fu4 yu4
寒假;han2 jia4
寒暄;han2 xuan1
寓言;yu4 yan2
实事求是;shi2 shi4 qiu2 shi4
实力;shi2 li4
实在;shi2 zai4
实惠;shi2 hui4
实施;shi2 shi1
实现;shi2 xian4
实用;shi2 yong4
实习;shi2 xi2
实行;shi2 xing2
实话;shi2 hua4
实质;shi2 zhi4
实践;shi2 jian4
实际;shi2 ji4
实验;shi2 yan4
宁可;ning4 ke3
宁肯;ning4 ken3
宁愿;ning4 yuan4
审判;shen3 pan4
审查;shen3 cha2
审理;shen3 li3
审美;shen3 mei3
写;xie3
写作;xie3 zuo4
宽;kuan1
宽容;kuan1 rong2
宽敞;kuan1 chang5
宠物;chong3 wu4
宝贝;bao3 bei4
宝贵;bao3 gui4
寺庙;si4 miao4
封建;feng1 jian4
封锁;feng1 suo3
封闭;feng1 bi4
射击;she4 ji1
将来;jiang1 lai2
将就;jiang1 jiu5
将军;jiang1 jun1
将近;jiang1 jin4
专利;zhuan1 li4
专家;zhuan1 jia1
专心;zhuan1 xin1
专业;zhuan1 ye4
专程;zhuan1 cheng2
专长;zhuan1 chang2
专门;zhuan1 men2
专题;zhuan1 ti2
尊严;zun1 yan2
尊敬;zun1 jing4
尊重;zun1 zhong4
寻找;xun2 zhao3
寻觅;xun2 mi4
对;dui4
对不起;dui4 bu5 qi3
对付;dui4 fu5
对待;dui4 dai4
对应;dui4 ying4
对手;dui4 shou3
对抗;dui4 kang4
对方;dui4 fang1
对于;dui4 yu2
对比;dui4 bi3
对照;dui4 zhao4
对称;dui4 chen4
对立;dui4 li4
对策;dui4 ce4
对联;dui4 lian2
对话;dui4 hua4
对象;dui4 xiang4
对面;dui4 mian4
导向;dao3 xiang4
导弹;dao3 dan4
导演;dao3 yan3
导致;dao3 zhi4
导航;dao3 hang2
导游;dao3 you2
小;xiao3
小伙子;xiao3 huo3 zi5
小吃;xiao3 chi1
小姐;xiao3 jie5
小心;xiao3 xin1
小心翼翼;xiao3 xin1 yi4 yi4
小时;xiao3 shi2
小气;xiao3 qi4
小说;xiao3 shuo1
小麦;xiao3 mai4
少;shao4|shao3
尖端;jian1 duan1
尖锐;jian1 rui4
尚且;shang4 qie3
尤其;you2 qi2
就;jiu4
就业;jiu4 ye4
就职;jiu4 zhi2
就近;jiu4 jin4
尴尬;gan1 ga4
尺子;chi3 zi5
尾巴;wei3 ba5
局势;ju2 shi4
局部;ju2 bu4
局面;ju2 mian4
屁股;pi4 gu5
居住;ju1 zhu4
居民;ju1 min2
居然;ju1 ran2
届;jie4
屈服;qu1 fu2
屋子;wu1 zi5
尸体;shi1 ti3
屏幕;ping2 mu4
屏障;ping2 zhang4
屑;xie4
展望;zhan3 wang4
展现;zhan3 xian4
展示;zhan3 shi4
展览;zhan3 lan3
展开;zhan3 kai1
屡次;lv3 ci4
层;ceng2
层出不穷;ceng2 chu1 bu4 qiong2
层次;ceng2 ci4
履行;lv3 xing2
属于;shu3 yu2
山脉;shan1 mai4
岔;cha4
岩石;yan2 shi2
岳母;yue4 mu3
岛屿;dao3 yu3
峡谷;xia2 gu3
崇拜;chong2 bai4
崇敬;chong2 jing4
崇高;chong2 gao1
岗位;gang3 wei4
崩溃;beng1 kui4
岁;sui4
崭新;zhan3 xin1
川流不息;chuan1 liu2 bu4 xi1
州;zhou1
巡逻;xun2 luo2
巢穴;chao2 xue2
工人;gong1 ren2
工作;gong1 zuo4
工具;gong1 ju4
工厂;gong1 chang3
工业;gong1 ye4
工程师;gong1 cheng2 shi1
工艺品;gong1 yi4 pin3
工资;gong1 zi1
左右;zuo3 you4
左边;zuo3 bian5
巧克力;qiao3 ke4 li4
巧妙;qiao3 miao4
巨大;ju4 da4
差;ci1|chai1|cha4|cha1
差不多;cha4 bu5 duo1
差别;cha1 bie2
差距;cha1 ju4
已经;yi3 jing1
巴不得;ba1 bu5 de5
巴结;ba1 jie5
巷;xiang4
市场;shi4 chang3
希望;xi1 wang4
帅;shuai4
师傅;shi1 fu5
师范;shi1 fan4
帐篷;zhang4 peng5
带;dai4
带领;dai4 ling3
常识;chang2 shi2
帽子;mao4 zi5
幅;fu2
幅度;fu2 du4
幢;chuang2|zhuang4
帮助;bang1 zhu4
帮忙;bang1 mang2
干扰;gan1 rao3
干涉;gan1 she4
干预;gan1 yu4
平;ping2
平凡;ping2 fan2
平原;ping2 yuan2
平均;ping2 jun1
平坦;ping2 tan3
平安;ping2 an1
平常;ping2 chang2
平庸;ping2 yong1
平方;ping2 fang1
平时;ping2 shi2
平等;ping2 deng3
平行;ping2 xing2
平衡;ping2 heng2
平静;ping2 jing4
平面;ping2 mian4
年;nian2
年代;nian2 dai4
年度;nian2 du4
年纪;nian2 ji4
年级;nian2 ji2
年轻;nian2 qing1
年龄;nian2 ling2
幸福;xing4 fu2
幸亏;xing4 kui1
幸运;xing4 yun4
干劲;gan4 jin4
干活儿;gan4 huo2 r5
幻想;huan4 xiang3
幼儿园;you4 er2 yuan2
幼稚;you4 zhi4
幽默;you1 mo4
几乎;ji1 hu1
床单;chuang2 dan1
序言;xu4 yan2
底;de5|di3
度过;du4 guo4
座;zuo4
座位;zuo4 wei4
座右铭;zuo4 you4 ming2
庸俗;yong1 su2
厕所;ce4 suo3
廉洁;lian2 jie2
厨房;chu2 fang2
废墟;fei4 xu1
废寝忘食;fei4 qin3 wang4 shi2
废话;fei4 hua4
废除;fei4 chu2
广告;guang3 gao4
广场;guang3 chang3
广大;guang3 da4
广播;guang3 bo1
广泛;guang3 fan4
广阔;guang3 kuo4
延伸;yan2 shen1
延期;yan2 qi1
延续;yan2 xu4
延长;yan2 chang2
建立;jian4 li4
建筑;jian4 zhu4
建设;jian4 she4
建议;jian4 yi4
弄;long4|nong4
弊病;bi4 bing4
弊端;bi4 duan1
引导;yin3 dao3
引擎;yin3 qing2
引用;yin3 yong4
引起;yin3 qi3
弟弟;di4 di5
弦;xian2
弱;ruo4
弱点;ruo4 dian3
张;zhang1
强制;qiang2 zhi4
强烈;qiang2 lie4
强调;qiang2 diao4
强迫;qiang3 po4
别扭;bie4 niu5
弹性;tan2 xing4
弥漫;mi2 man4
弥补;mi2 bu3
形势;xing2 shi4
形容;xing2 rong2
形式;xing2 shi4
形态;xing2 tai4
形成;xing2 cheng2
形状;xing2 zhuang4
形象;xing2 xiang4
彩票;cai3 piao4
彩虹;cai3 hong2
影子;ying3 zi5
影响;ying3 xiang3
彼此;bi3 ci3
往;wang3
往事;wang3 shi4
往常;wang3 chang2
往往;wang3 wang3
往返;wang3 fan3
征服;zheng1 fu2
待遇;dai4 yu4
很;hen3
律师;lv4 shi1
后代;hou4 dai4
后来;hou4 lai2
后勤;hou4 qin2
后悔;hou4 hui3
后果;hou4 guo3
后背;hou4 bei4
后面;hou4 mian4
后顾之忧;hou4 gu4 zhi1 you1
徒弟;tu2 di4
得;de5|de2|dei3
得不偿失;de2 bu4 chang2 shi1
得力;de2 li4
得天独厚;de2 tian1 du2 hou4
得意;de2 yi4
得罪;de2 zui5|de2 zui4
徘徊;pai2 huai2
从事;cong2 shi4
从来;cong2 lai2
从前;cong2 qian2
从容;cong2 rong2
从此;cong2 ci3
从而;cong2 er2
遍;bian4
复活;fu4 huo2
复习;fu4 xi2
复兴;fu4 xing1
循序渐进;xun2 xu4 jian4 jin4
循环;xun2 huan2
微不足道;wei1 bu4 zu2 dao4
微笑;wei1 xiao4
微观;wei1 guan1
征收;zheng1 shou1
征求;zheng1 qiu2
彻底;che4 di3
心得;xin1 de2
心情;xin1 qing2
心态;xin1 tai4
心理;xin1 li3
心甘情愿;xin1 gan1 qing2 yuan4
心疼;xin1 teng2
心眼儿;xin1 yan3 r5
心脏;xin1 zang4
心血;xin1 xue4
心灵;xin1 ling2
必然;bi4 ran2
必要;bi4 yao4
必须;bi4 xu1
忌讳;ji4 hui4
忍不住;ren3 bu5 zhu4
忍受;ren3 shou4
忍耐;ren3 nai4
志气;zhi4 qi4
志愿者;zhi4 yuan4 zhe3
忘记;wang4 ji4
忙;mang2
忙碌;mang2 lu4
忠实;zhong1 shi2
忠诚;zhong1 cheng2
快;kuai4
快乐;kuai4 le4
快活;kuai4 huo5
忽然;hu1 ran2
忽略;hu1 lve4
忽视;hu1 shi4
怎么;zen3 me5
怎么样;zen3 me5 yang4
思念;si1 nian4
思想;si1 xiang3
思索;si1 suo3
思维;si1 wei2
思考;si1 kao3
怠慢;dai4 man4
急切;ji2 qie4
急剧;ji2 ju4
急功近利;ji2 gong1 jin4 li4
急忙;ji2 mang2
急于求成;ji2 yu2 qiu2 cheng2
急诊;ji2 zhen3
急躁;ji2 zao4
性别;xing4 bie2
性命;xing4 ming4
性感;xing4 gan3
性格;xing4 ge2
性能;xing4 neng2
性质;xing4 zhi4
怪不得;guai4 bu5 de5
恍然大悟;huang3 ran2 da4 wu4
恐吓;kong3 he4
恐怕;kong3 pa4
恐怖;kong3 bu4
恐惧;kong3 ju4
恢复;hui1 fu4
恨;hen4
恨不得;hen4 bu5 de5
恩怨;en1 yuan4
恭喜;gong1 xi3
恭敬;gong1 jing4
恰到好处;qia4 dao4 hao3 chu4
恰巧;qia4 qiao3
恰当;qia4 dang4
悄悄;qiao1 qiao1
悔恨;hui3 hen4
悠久;you1 jiu3
患者;huan4 zhe3
您;nin2
悲哀;bei1 ai1
悲惨;bei1 can3
悲观;bei1 guan1
凄凉;qi1 liang2
情报;qing2 bao4
情形;qing2 xing5
情景;qing2 jing3
情况;qing2 kuang4
情理;qing2 li3
情节;qing2 jie2
情绪;qing2 xu4
惋惜;wan3 xi1
恶劣;e4 lie4
恶化;e4 hua4
惦记;dian4 ji4
恼火;nao3 huo3
想;xiang3
想念;xiang3 nian4
想方设法;xiang3 fang1 she4 fa3
想象;xiang3 xiang4
惹祸;re3 huo4
愈;yu4
愉快;yu2 kuai4
意向;yi4 xiang4
意味着;yi4 wei4 zhe5
意图;yi4 tu2
意外;yi4 wai4
意志;yi4 zhi4
意思;yi4 si5
意料;yi4 liao4
意义;yi4 yi4
意见;yi4 jian4
意识;yi4 shi2
愚昧;yu2 mei4
愚蠢;yu2 chun3
爱;ai4
爱不释手;ai4 bu4 shi4 shou3
爱好;ai4 hao4
爱心;ai4 xin1
爱情;ai4 qing2
爱惜;ai4 xi1
爱戴;ai4 dai4
爱护;ai4 hu4
感冒;gan3 mao4
感动;gan3 dong4
感受;gan3 shou4
感情;gan3 qing2
感想;gan3 xiang3
感慨;gan3 kai3
感染;gan3 ran3
感激;gan3 ji1
感兴趣;gan3 xing4 qu4
感觉;gan3 jue2
感谢;gan3 xie4
愣;leng4
慈善;ci2 shan4
慈祥;ci2 xiang2
态度;tai4 du5
慌张;huang1 zhang1
慎重;shen4 zhong4
惭愧;can2 kui4
慢;man4
慢性;man4 xing4
惯例;guan4 li4
慰问;wei4 wen4
庆祝;qing4 zhu4
慷慨;kang1 kai3
欲望;yu4 wang4
忧郁;you1 yu4
憋;bie1
愤怒;fen4 nu4
宪法;xian4 fa3
懂;dong3
恳切;ken3 qie4
应付;ying4 fu5
应用;ying4 yong4
应聘;ying4 pin4
应该;ying1 gai1
应邀;ying4 yao1
应酬;ying4 chou5
惩罚;cheng2 fa2
懒惰;lan3 duo4
怀孕;huai2 yun4
怀念;huai2 nian4
怀疑;huai2 yi2
悬崖峭壁;xuan2 ya2 qiao4 bi4
悬念;xuan2 nian4
悬挂;xuan2 gua4
悬殊;xuan2 shu1
恋爱;lian4 ai4
成交;cheng2 jiao1
成人;cheng2 ren2
成分;cheng2 fen4
成功;cheng2 gong1
成员;cheng2 yuan2
成天;cheng2 tian1
成就;cheng2 jiu4
成心;cheng2 xin1
成效;cheng2 xiao4
成本;cheng2 ben3
成果;cheng2 guo3
成为;cheng2 wei2
成熟;cheng2 shu2
成立;cheng2 li4
成绩;cheng2 ji4
成语;cheng2 yu3
成长;cheng2 zhang3
我;wo3
我们;wo3 men5
戒;jie4
戒备;jie4 bei4
戒指;jie4 zhi5
或者;huo4 zhe3
或许;huo4 xu3
截止;jie2 zhi3
截至;jie2 zhi4
战役;zhan4 yi4
战争;zhan4 zheng1
战略;zhan4 lve4
战术;zhan4 shu4
战斗;zhan4 dou4
戏剧;xi4 ju4
戴;dai4
房东;fang2 dong1
房间;fang2 jian1
所;suo3
所以;suo3 yi3
所有;suo3 you3
扁;bian3|pian1
扇子;shan4 zi5
手势;shou3 shi4
手套;shou3 tao4
手工;shou3 gong1
手指;shou3 zhi3
手机;shou3 ji1
手法;shou3 fa3
手续;shou3 xu4
手艺;shou3 yi4
手术;shou3 shu4
手表;shou3 biao3
才;cai2
才干;cai2 gan4
扎;zha1|zha2|za1
扎实;zha2 shi5|zha1 shi5
扒;pa2|ba1
打交道;da3 jiao1 dao4
打仗;da3 zhang4
打包;da3 bao1
打印;da3 yin4
打喷嚏;da3 pen1 ti4
打官司;da3 guan1 si5
打工;da3 gong1
打扮;da3 ban5
打折;da3 zhe2
打招呼;da3 zhao1 hu5
打扫;da3 sao3
打击;da3 ji1
打扰;da3 rao3
打架;da3 jia4
打猎;da3 lie4
打算;da3 suan4
打听;da3 ting5
打量;da3 liang5
打针;da3 zhen1
打电话;da3 dian4 hua4
扔;reng1
托运;tuo1 yun4
扛;kang2|gang1
扣;kou4
扭转;niu3 zhuan3
扮演;ban4 yan3
扶;fu2
批;pi1
批准;pi1 zhun3
批判;pi1 pan4
批发;pi1 fa1
批评;pi1 ping2
找;zhao3
承包;cheng2 bao1
承受;cheng2 shou4
承担;cheng2 dan1
承认;cheng2 ren4
承诺;cheng2 nuo4
承办;cheng2 ban4
技巧;ji4 qiao3
技术;ji4 shu4
抄;chao1
把;ba4|ba3
把手;ba3 shou5|ba3 shou3
把握;ba3 wo4
把关;ba3 guan1
抓;zhua1
抓紧;zhua1 jin3
投入;tou2 ru4
投掷;tou2 zhi4
投机;tou2 ji1
投票;tou2 piao4
投诉;tou2 su4
投资;tou2 zi1
投降;tou2 xiang2
抗议;kang4 yi4
折;zhe2|zhe1|she2
折磨;zhe2 mo2
折腾;zhe1 teng5
披;pi1
抬;tai2
抱;bao4
抱怨;bao4 yuan4
抱歉;bao4 qian4
抱负;bao4 fu4
抵制;di3 zhi4
抵抗;di3 kang4
抵达;di3 da2
抹杀;mo3 sha1
押金;ya1 jin1
抽屉;chou1 ti5
抽烟;chou1 yan1
抽象;chou1 xiang4
拄;zhu3
拆;chai1
拉;la1
抛弃;pao1 qi4
拍;pai1
拐弯;guai3 wan1
拐杖;guai3 zhang4
拒绝;ju4 jue2
拔苗助长;ba2 miao2 zhu4 zhang3
拖延;tuo1 yan2
拘束;ju1 shu4
拘留;ju1 liu2
招待;zhao1 dai4
招收;zhao1 shou1
招标;zhao1 biao1
招聘;zhao1 pin4
拜年;bai4 nian2
拜托;bai4 tuo1
拜访;bai4 fang3
拳头;quan2 tou5
拼命;pin1 ming4
拼搏;pin1 bo2
拼音;pin1 yin1
拽;zhuai3|zhuai1|zhuai4|ye4
拾;shi2|she4
拿手;na2 shou3
持久;chi2 jiu3
持续;chi2 xu4
指;zhi3
指令;zhi3 ling4
指南针;zhi3 nan2 zhen1
指定;zhi3 ding4
指导;zhi3 dao3
指挥;zhi3 hui1
指望;zhi3 wang4
指标;zhi3 biao1
指甲;zhi3 jia5
指示;zhi3 shi4
指责;zhi3 ze2
按摩;an4 mo2
按时;an4 shi2
按照;an4 zhao4
挎;kua4
挑剔;tiao1 ti5
挑战;tiao3 zhan4
挑拨;tiao3 bo1
挑衅;tiao3 xin4
挖掘;wa1 jue2
挨;ai2|ai1
挪;nuo2
挫折;cuo4 zhe2
振动;zhen4 dong4
振奋;zhen4 fen4
振兴;zhen4 xing1
挺;ting3
挺拔;ting3 ba2
挽回;wan3 hui2
挽救;wan3 jiu4
救;jiu4
捆绑;kun3 bang3
捍卫;han4 wei4
捎;shao1
捏;nie1
捐;juan1
捕捉;bu3 zhuo1
捧;peng3
舍不得;she3 bu5 de5
掀起;xian1 qi3
授予;shou4 yu3
掉;diao4
掌握;zhang3 wo4
掏;tao1
掐;qia1
排列;pai2 lie4
排放;pai2 fang4
排斥;pai2 chi4
排练;pai2 lian4
排除;pai2 chu2
排队;pai2 dui4
挣;zheng1|zheng4
挣扎;zheng1 zha2
挂;gua4
挂号;gua4 hao4
掠夺;lve4 duo2
采取;cai3 qu3
采纳;cai3 na4
采访;cai3 fang3
采购;cai3 gou4
采集;cai3 ji2
探望;tan4 wang4
探测;tan4 ce4
探索;tan4 suo3
探讨;tan4 tao3
接;jie1
接受;jie1 shou4
接待;jie1 dai4
接着;jie1 zhe5
接触;jie1 chu4
接近;jie1 jin4
接连;jie1 lian2
控制;kong4 zhi4
推;tui1
推广;tui1 guang3
推测;tui1 ce4
推理;tui1 li3
推翻;tui1 fan1
推荐;tui1 jian4
推论;tui1 lun4
推辞;tui1 ci2
推迟;tui1 chi2
推销;tui1 xiao1
掩盖;yan3 gai4
掩护;yan3 hu4
掩饰;yan3 shi4
措施;cuo4 shi1
掰;bai1
碰;peng4
拣;jian3
揉;rou2
揍;zou4
描写;miao2 xie3
描绘;miao2 hui4
提;ti2|di1
提供;ti2 gong1
提倡;ti2 chang4
提前;ti2 qian2
提问;ti2 wen4
提拔;ti2 ba2
提炼;ti2 lian4
提示;ti2 shi4
提纲;ti2 gang1
提议;ti2 yi4
提醒;ti2 xing3
提高;ti2 gao1
插;cha1
插座;cha1 zuo4
换;huan4
握手;wo4 shou3
揭露;jie1 lu4
挥;hui1
挥霍;hui1 huo4
背;bei1|bei4
损坏;sun3 huai4
损失;sun3 shi1
搏斗;bo2 dou4
搓;cuo1
摇;yao2
摇摆;yao2 bai3
摇滚;yao2 gun3
捣乱;dao3 luan4
搜索;sou1 suo3
搞;gao3
搬;ban1
搭;da1
搭档;da1 dang4
搭配;da1 pei4
抢;qiang3|qiang1
抢劫;qiang3 jie2
抢救;qiang3 jiu4
摔倒;shuai1 dao3
摘;zhai1
摘要;zhai1 yao4
搂;lou1|lou3
摧残;cui1 can2
摩托车;mo2 tuo1 che1
摩擦;mo2 ca1
摸;mo1|mo2
摸索;mo1 suo5
撇;pie3|pie1
捞;lao1
撒谎;sa1 huang3
撕;si1
撞;zhuang4
撤退;che4 tui4
撤销;che4 xiao1
拨;bo1
抚摸;fu3 mo1
抚养;fu3 yang3
播放;bo1 fang4
播种;bo1 zhong4|bo1 zhong3
扑;pu1
捡;jian3
拥抱;yong1 bao4
拥挤;yong1 ji3
拥有;yong1 you3
拥护;yong1 hu4
擅自;shan4 zi4
擅长;shan4 chang2
挡;dang3|dang4
操作;cao1 zuo4
操劳;cao1 lao2
操场;cao1 chang3
操心;cao1 xin1
操练;cao1 lian4
操纵;cao1 zong4
担任;dan1 ren4
担保;dan1 bao3
担心;dan1 xin1
据悉;ju4 xi1
据说;ju4 shuo1
擦;ca1
举;ju3
拟定;ni3 ding4
拧;ning3|ning2|ning4
搁;ge1|ge2
扩充;kuo4 chong1
扩大;kuo4 da4
扩张;kuo4 zhang1
扩散;kuo4 san4
摆;bai3
摆脱;bai3 tuo1
扰乱;rao3 luan4
攀登;pan1 deng1
拦;lan2
搀;chan1
携带;xie2 dai4
摄影;she4 ying3
摄氏度;she4 shi4 du4
攒;cuan2|zan3
摊;tan1
搅拌;jiao3 ban4
支;zhi1
支出;zhi1 chu1
支持;zhi1 chi2
支援;zhi1 yuan2
支撑;zhi1 cheng1
支柱;zhi1 zhu4
支流;zhi1 liu2
支票;zhi1 piao4
支配;zhi1 pei4
收;shou1
收入;shou1 ru4
收拾;shou1 shi5
收据;shou1 ju4
收获;shou1 huo4
收益;shou1 yi4
收缩;shou1 suo1
收藏;shou1 cang2
收音机;shou1 yin1 ji1
改善;gai3 shan4
改正;gai3 zheng4
改良;gai3 liang2
改变;gai3 bian4
改进;gai3 jin4
改革;gai3 ge2
攻克;gong1 ke4
攻击;gong1 ji1
放;fang4
放大;fang4 da4
放射;fang4 she4
放心;fang4 xin1
放弃;fang4 qi4
放松;fang4 song1
政府;zheng4 fu3
政权;zheng4 quan2
政治;zheng4 zhi4
政策;zheng4 ce4
故事;gu4 shi4|gu4 shi5
故意;gu4 yi4
故乡;gu4 xiang1
故障;gu4 zhang4
效果;xiao4 guo3
效率;xiao4 lv4
效益;xiao4 yi4
敏感;min3 gan3
敏捷;min3 jie2
敏锐;min3 rui4
救济;jiu4 ji4
救护车;jiu4 hu4 che1
败坏;bai4 huai4
叙述;xu4 shu4
教;jiao1|jiao4
教室;jiao4 shi4
教授;jiao4 shou4
教材;jiao4 cai2
教练;jiao4 lian4
教育;jiao4 yu4
教训;jiao4 xun5
教养;jiao4 yang3
敞开;chang3 kai1
敢;gan3
散布;san4 bu4
散文;san3 wen2
散步;san4 bu4
散发;san4 fa1
敬业;jing4 ye4
敬礼;jing4 li3
敲;qiao1
整个;zheng3 ge4
整理;zheng3 li3
整顿;zheng3 dun4
整体;zheng3 ti3
整齐;zheng3 qi2
敌人;di2 ren2
敌视;di2 shi4
敷衍;fu1 yan3
数;shu3|shu4|shuo4
数字;shu4 zi4
数学;shu4 xue2
数据;shu4 ju4
数码;shu4 ma3
数量;shu4 liang4
数额;shu4 e2
文件;wen2 jian4
文具;wen2 ju4
文化;wen2 hua4
文字;wen2 zi4
文学;wen2 xue2
文凭;wen2 ping2
文明;wen2 ming2
文物;wen2 wu4
文献;wen2 xian4
文章;wen2 zhang1
文艺;wen2 yi4
文雅;wen2 ya3
斑;ban1
斜;xie2
斟酌;zhen1 zhuo2
斩钉截铁;zhan3 ding1 jie2 tie3
斯文;si1 wen2
新;xin1
新娘;xin1 niang2
新颖;xin1 ying3
新闻;xin1 wen2
新郎;xin1 lang2
新陈代谢;xin1 chen2 dai4 xie4
新鲜;xin1 xian1
断;duan4
断定;duan4 ding4
断绝;duan4 jue2
方;fang1
方位;fang1 wei4
方便;fang1 bian4
方向;fang1 xiang4
方圆;fang1 yuan2
方式;fang1 shi4
方案;fang1 an4
方法;fang1 fa3
方言;fang1 yan2
方针;fang1 zhen1
方面;fang1 mian4
于是;yu2 shi4
施加;shi1 jia1
施展;shi1 zhan3
旁边;pang2 bian1
旅行;lv3 xing2
旅游;lv3 you2
旋律;xuan2 lv4
旋转;xuan2 zhuan3
旗帜;qi2 zhi4
旗袍;qi2 pao2
既然;ji4 ran2
日;ri4
日子;ri4 zi5
日常;ri4 chang2
日新月异;ri4 xin1 yue4 yi4
日历;ri4 li4
日期;ri4 qi1
日用品;ri4 yong4 pin3
日益;ri4 yi4
日程;ri4 cheng2
日记;ri4 ji4
早上;zao3 shang5
春;chun1
昂贵;ang2 gui4
昆虫;kun1 chong2
昌盛;chang1 sheng4
明天;ming2 tian1
明明;ming2 ming2
明星;ming2 xing1
明智;ming2 zhi4
明白;ming2 bai5
明确;ming2 que4
明显;ming2 xian3
昏迷;hun1 mi2
昔日;xi1 ri4
星期;xing1 qi1
昨天;zuo2 tian1
是;shi4
是否;shi4 fou3
是非;shi4 fei1
时事;shi2 shi4
时代;shi2 dai4
时候;shi2 hou5
时光;shi2 guang1
时刻;shi2 ke4
时尚;shi2 shang4
时差;shi2 cha1
时常;shi2 chang2
时期;shi2 qi1
时机;shi2 ji1
时而;shi2 er2
时间;shi2 jian1
时髦;shi2 mao2
晋升;jin4 sheng1
晒;shai4
晚上;wan3 shang5
昼夜;zhou4 ye4
普及;pu3 ji2
普通话;pu3 tong1 hua4
普遍;pu3 bian4
景色;jing3 se4
晴;qing2
晴朗;qing2 lang3
智力;zhi4 li4
智商;zhi4 shang1
智慧;zhi4 hui4
智能;zhi4 neng2
暗;an4
晾;liang4
晕;yun4|yun1
暖和;nuan3 huo5
暗示;an4 shi4
畅通;chang4 tong1
畅销;chang4 xiao1
暂且;zan4 qie3
暂时;zan4 shi2
暴力;bao4 li4
暴露;bao4 lu4
暧昧;ai4 mei4
曝光;bao4 guang1
旷课;kuang4 ke4
曲子;qu3 zi5
曲折;qu1 zhe2
更;geng1|geng4
更新;geng1 xin1
更正;geng1 zheng4
书;shu1
书架;shu1 jia4
书法;shu1 fa3
书籍;shu1 ji2
书记;shu1 ji5
书面;shu1 mian4
曾经;ceng2 jing1
最初;zui4 chu1
最好;zui4 hao3
最后;zui4 hou4
最近;zui4 jin4
会;hui4|kuai4
会晤;hui4 wu4
会计;kuai4 ji4
会议;hui4 yi4
月;yue4
月亮;yue4 liang5
有;you3
有利;you3 li4
有名;you3 ming2
有条不紊;you3 tiao2 bu4 wen3
有趣;you3 qu4
朋友;peng2 you5
服务员;fu2 wu4 yuan2
服从;fu2 cong2
服气;fu2 qi4
服装;fu2 zhuang1
朗读;lang3 du2
朝;zhao1|chao2
朝代;chao2 dai4
朝气蓬勃;zhao1 qi4 peng2 bo2
期待;qi1 dai4
期望;qi1 wang4
期间;qi1 jian1
期限;qi1 xian4
木头;mu4 tou5
未来;wei4 lai2
未免;wei4 mian3
未必;wei4 bi4
本;ben3
本事;ben3 shi5|ben3 shi4
本人;ben3 ren2
本来;ben3 lai2
本科;ben3 ke1
本能;ben3 neng2
本质;ben3 zhi4
本身;ben3 shen1
本钱;ben3 qian2
本领;ben3 ling3
朵;duo3
材料;cai2 liao4
杜绝;du4 jue2
束;shu4
束缚;shu4 fu4
杯子;bei1 zi5
东;dong1
东张西望;dong1 zhang1 xi1 wang4
东西;dong1 xi1|dong1 xi5
东道主;dong1 dao4 zhu3
枕头;zhen3 tou5
枚;mei2
果实;guo3 shi2
果断;guo3 duan4
果汁;guo3 zhi1
果然;guo3 ran2
枝;zhi1
枯燥;ku1 zao4
枯萎;ku1 wei3
某;mou3
染;ran3
柔和;rou2 he2
查获;cha2 huo4
柴油;chai2 you2
校长;xiao4 zhang3
株;zhu1
核心;he2 xin1
根;gen1
根据;gen1 ju4
根本;gen1 ben3
根深蒂固;gen1 shen1 di4 gu4
根源;gen1 yuan2
格外;ge2 wai4
格局;ge2 ju2
格式;ge2 shi4
栽培;zai1 pei2
桃;tao2
框架;kuang4 jia4
案件;an4 jian4
案例;an4 li4
桌子;zhuo1 zi5
桔子;ju2 zi5
条;tiao2
条件;tiao2 jian4
条款;tiao2 kuan3
条理;tiao2 li3
条约;tiao2 yue1
梢;shao1
梨;li2
梳子;shu1 zi5
棉花;mian2 hua5
棍棒;gun4 bang4
棒;bang4
棕色;zong1 se4
栋;dong4
森林;sen1 lin2
棵;ke1
椅子;yi3 zi5
植物;zhi2 wu4
业务;ye4 wu4
业余;ye4 yu2
极;ji2
极其;ji2 qi2
极端;ji2 duan1
极限;ji2 xian4
概念;gai4 nian4
概括;gai4 kuo4
榜样;bang3 yang4
荣幸;rong2 xing4
荣誉;rong2 yu4
构思;gou4 si1
构成;gou4 cheng2
枪;qiang1
杠杆;gang4 gan3
桨;jiang3
乐器;yue4 qi4
乐意;le4 yi4
乐观;le4 guan1
乐谱;yue4 pu3
乐趣;le4 qu4
楼;lou2
标本;biao1 ben3
标准;biao1 zhun3
标记;biao1 ji4
标志;biao1 zhi4
标题;biao1 ti2
标点;biao1 dian3
模仿;mo2 fang3
模型;mo2 xing2
模式;mo2 shi4
模样;mu2 yang4
模特;mo2 te4
模范;mo2 fan4
模糊;mo2 hu5
样品;yang4 pin3
样子;yang4 zi5
样式;yang4 shi4
朴实;pu3 shi2
朴素;pu3 su4
树;shu4
树立;shu4 li4
桥;qiao2
桥梁;qiao2 liang2
橙;cheng2
机动;ji1 dong4
机器;ji1 qi4
机场;ji1 chang3
机密;ji1 mi4
机智;ji1 zhi4
机会;ji1 hui4
机械;ji1 xie4
机构;ji1 gou4
机遇;ji1 yu4
机灵;ji1 ling5
橡皮;xiang4 pi2
椭圆;tuo3 yuan2
横;heng4|heng2
档案;dang4 an4
档次;dang4 ci4
检查;jian3 cha2
检讨;jian3 tao3
检验;jian3 yan4
柜台;gui4 tai2
栏目;lan2 mu4
权利;quan2 li4
权力;quan2 li4
权威;quan2 wei1
权衡;quan2 heng2
欠;qian4
次;ci4
次品;ci4 pin3
次序;ci4 xu4
次要;ci4 yao4
欣慰;xin1 wei4
欣欣向荣;xin1 xin1 xiang4 rong2
欣赏;xin1 shang3
欺负;qi1 fu5
欺骗;qi1 pian4
钦佩;qin1 pei4
款式;kuan3 shi5|kuan3 shi4
款待;kuan3 dai4
歇;xie1
歌颂;ge1 song4
欧洲;ou1 zhou1
欢乐;huan1 le4
欢迎;huan1 ying2
正;zheng1|zheng4
正在;zheng4 zai4
正好;zheng4 hao3
正宗;zheng4 zong1
正常;zheng4 chang2
正式;zheng4 shi4
正月;zheng1 yue4
正气;zheng4 qi4
正当;zheng4 dang4|zheng4 dang1
正确;zheng4 que4
正经;zheng4 jing1
正义;zheng4 yi4
正规;zheng4 gui1
正负;zheng4 fu4
此外;ci3 wai4
步伐;bu4 fa2
步骤;bu4 zhou4
武侠;wu3 xia2
武器;wu3 qi4
武术;wu3 shu4
武装;wu3 zhuang1
歧视;qi2 shi4
歪;wai3|wai1
歪曲;wai1 qu1
岁月;sui4 yue4
历代;li4 dai4
历来;li4 lai2
历史;li4 shi3
归根到底;gui1 gen1 dao4 di3
归纳;gui1 na4
归还;gui1 huan2
歹徒;dai3 tu2
死;si3
死亡;si3 wang2
殖民地;zhi2 min2 di4
残忍;can2 ren3
残留;can2 liu2
残疾;can2 ji2
残酷;can2 ku4
段;duan4
杀;sha1
毁灭;hui3 mie4
毅力;yi4 li4
毅然;yi4 ran2
殴打;ou1 da3
母亲;mu3 qin1
母语;mu3 yu3
每;mei3
毒品;du2 pin3
比;bi1|bi3
比例;bi3 li4
比喻;bi3 yu4
比如;bi3 ru2
比方;bi3 fang5
比赛;bi3 sai4
比较;bi3 jiao4
比重;bi3 zhong4
毛;mao2
毛巾;mao2 jin1
毛病;mao2 bing4
毫无;hao2 wu2
毫米;hao2 mi3
民主;min2 zhu3
民族;min2 zu2
民间;min2 jian1
气候;qi4 hou4
气功;qi4 gong1
气势;qi4 shi4
气味;qi4 wei4
气压;qi4 ya1
气概;qi4 gai4
气氛;qi4 fen1
气色;qi4 se4
气象;qi4 xiang4
气质;qi4 zhi4
气魄;qi4 po4
氧气;yang3 qi4
水;shui3
水利;shui3 li4
水平;shui3 ping2
水果;shui3 guo3
水泥;shui3 ni2
水龙头;shui3 long2 tou2
永恒;yong3 heng2
永远;yong3 yuan3
汗;han4|han2
池塘;chi2 tang2
污染;wu1 ran3
污蔑;wu1 mie4
决定;jue2 ding4
决心;jue2 xin1
决策;jue2 ce4
决赛;jue2 sai4
汽油;qi4 you2
沉思;chen2 si1
沉闷;chen2 men4
沉淀;chen2 dian4
沉着;chen2 zhuo2
沉重;chen2 zhong4
沉默;chen2 mo4
沐浴;mu4 yu4
没有;mei2 you3
没关系;mei2 guan1 xi5
冲;chong1|chong4
冲击;chong1 ji1
沙漠;sha1 mo4
沙滩;sha1 tan1
沙发;sha1 fa1
沮丧;ju3 sang4
沸腾;fei4 teng2
油漆;you2 qi1
油炸;you2 zha2
油腻;you2 ni4
治安;zhi4 an1
治理;zhi4 li3
治疗;zhi4 liao2
沼泽;zhao3 ze2
沾光;zhan1 guang1
沿海;yan2 hai3
况且;kuang4 qie3
泄露;xie4 lu4
法人;fa3 ren2
法律;fa3 lv4
法院;fa3 yuan4
泛滥;fan4 lan4
泡沫;pao4 mo4
波浪;bo1 lang4
波涛;bo1 tao1
注射;zhu4 she4
注意;zhu4 yi4
注视;zhu4 shi4
注释;zhu4 shi4
注重;zhu4 zhong4
泰斗;tai4 dou3
洗;xi3
洗手间;xi3 shou3 jian1
洗澡;xi3 zao3
洞;dong4
津津有味;jin1 jin1 you3 wei4
泄气;xie4 qi4
洪水;hong2 shui3
汹涌;xiong1 yong3
活力;huo2 li4
活动;huo2 dong4
活泼;huo2 po5
活该;huo2 gai1
活跃;huo2 yue4
洽谈;qia4 tan2
派;pai4
派别;pai4 bie2
派遣;pai4 qian3
流传;liu2 chuan2
流利;liu2 li4
流氓;liu2 mang2
流浪;liu2 lang4
流泪;liu2 lei4
流行;liu2 xing2
流通;liu2 tong1
流露;liu2 lu4
浪漫;lang4 man4
浪费;lang4 fei4
海拔;hai3 ba2
海洋;hai3 yang2
海滨;hai3 bin1
海关;hai3 guan1
海鲜;hai3 xian1
浸泡;jin4 pao4
消化;xiao1 hua4
消失;xiao1 shi1
消息;xiao1 xi5
消极;xiao1 ji2
消毒;xiao1 du2
消灭;xiao1 mie4
消耗;xiao1 hao4
消费;xiao1 fei4
消防;xiao1 fang2
消除;xiao1 chu2
涉及;she4 ji2
涮火锅;shuan4 huo3 guo1
液体;ye4 ti3
凉快;liang2 kuai5
淋;lin2|lin4
淘气;tao2 qi4
淘汰;tao2 tai4
淡;dan4
淡季;dan4 ji4
淡水;dan4 shui3
深刻;shen1 ke4
深奥;shen1 ao4
深情厚谊;shen1 qing2 hou4 yi4
深沉;shen1 chen2
混乱;hun4 luan4
混合;hun4 he2
混淆;hun4 xiao2
混浊;hun4 zhuo2
淹没;yan1 mo4
浅;qian3|jian1
清晨;qing1 chen2
清晰;qing1 xi1
清楚;qing1 chu5
清淡;qing1 dan4
清洁;qing1 jie2
清澈;qing1 che4
清理;qing1 li3
清真;qing1 zhen1
清醒;qing1 xing3
清除;qing1 chu2
减少;jian3 shao3
减肥;jian3 fei2
渠道;qu2 dao4
渣;zha1
测量;ce4 liang2
测验;ce4 yan4
港口;gang3 kou3
港湾;gang3 wan1
渴;ke3
渴望;ke3 wang4
游泳;you2 yong3
渺小;miao3 xiao3
浑身;hun2 shen1
凑合;cou4 he5
湖泊;hu2 po1
涌现;yong3 xian4
汤;shang1|tang1
源泉;yuan2 quan2
准备;zhun3 bei4
准则;zhun3 ze2
准时;zhun3 shi2
准确;zhun3 que4
溜;liu4|liu1
沟通;gou1 tong1
溪;xi1
温和;wen1 huo5|wen1 he2
温带;wen1 dai4
温度;wen1 du4
温暖;wen1 nuan3
温柔;wen1 rou2
溶解;rong2 jie3
灭亡;mie4 wang2
滋味;zi1 wei4
滋润;zi1 run4
滑;hua2
滔滔不绝;tao1 tao1 bu4 jue2
滞留;zhi4 liu2
渗透;shen4 tou4
滴;di1
滚;gun3
满;man3
满意;man3 yi4
满足;man3 zu2
渔民;yu2 min2
漂亮;piao4 liang5
漂浮;piao1 fu2
漏;lou4
演出;yan3 chu1
演员;yan3 yuan2
演奏;yan3 zou4
演绎;yan3 yi4
演习;yan3 xi2
演讲;yan3 jiang3
演变;yan3 bian4
汉语;han4 yu3
漫画;man4 hua4
漫长;man4 chang2
涨;zhang4|zhang3
泼;po1
潜力;qian2 li4
潜水;qian2 shui3
潜移默化;qian2 yi2 mo4 hua4
潮流;chao2 liu2
潮湿;chao2 shi1
澄清;deng4 qing1|cheng2 qing1
浇;jiao1
激动;ji1 dong4
激励;ji1 li4
激情;ji1 qing2
激烈;ji1 lie4
激发;ji1 fa1
浓;nong2
浓厚;nong2 hou4
湿润;shi1 run4
溅;jian4
浏览;liu2 lan3
瀑布;pu4 bu4
濒临;bin1 lin2
潇洒;xiao1 sa3
灌溉;guan4 gai4
洒;sa3
火;huo3
火柴;huo3 chai2
火焰;huo3 yan4
火箭;huo3 jian4
火药;huo3 yao4
火车站;huo3 che1 zhan4
灰;hui1
灰尘;hui1 chen2
灰心;hui1 xin1
灾害;zai1 hai4
灾难;zai1 nan4
炊烟;chui1 yan1
炎热;yan2 re4
炒;chao3
照;zhao4
炫耀;xuan4 yao4
为;wei4|wei2
为了;wei4 le5
为什么;wei4 shen2 me5
为期;wei2 qi1
为难;wei2 nan2
乌黑;wu1 hei1
烘;hong1
烤鸭;kao3 ya1
烹饪;peng1 ren4
无;wu2
无偿;wu2 chang2
无动于衷;wu2 dong4 yu2 zhong1
无奈;wu2 nai4
无微不至;wu2 wei1 bu4 zhi4
无耻;wu2 chi3
无忧无虑;wu2 you1 wu2 lv4
无所谓;wu2 suo3 wei4
无数;wu2 shu4
无比;wu2 bi3
无理取闹;wu2 li3 qu3 nao4
无知;wu2 zhi1
无穷无尽;wu2 qiong2 wu2 jin4
无精打采;wu2 jing1 da3 cai3
无聊;wu2 liao2
无能为力;wu2 neng2 wei2 li4
无论;wu2 lun4
无赖;wu2 lai4
无辜;wu2 gu1
无非;wu2 fei1
焦急;jiao1 ji2
焦点;jiao1 dian3
然后;ran2 hou4
然而;ran2 er2
煎;jian1
煮;zhu3
烟花爆竹;yan1 hua1 bao4 zhu2
煤炭;mei2 tan4
照常;zhao4 chang2
照样;zhao4 yang4
照片;zhao4 pian4
照相机;zhao4 xiang4 ji1
照耀;zhao4 yao4
照顾;zhao4 gu5
烦恼;fan2 nao3
熄灭;xi1 mie4
熊猫;xiong2 mao1
熟悉;shu2 xi1
熟练;shu2 lian4
熨;yun4|yu4
熬;ao2|ao1
熬夜;ao2 ye4
热;re4
热心;re4 xin1
热情;re4 qing2
热爱;re4 ai4
热泪盈眶;re4 lei4 ying2 kuang4
热烈;re4 lie4
热门;re4 men2
热闹;re4 nao5
燃烧;ran2 shao1
灯;deng1
灯笼;deng1 long2
烫;tang4
营业;ying2 ye4
营养;ying2 yang3
灿烂;can4 lan4
爆炸;bao4 zha4
爆发;bao4 fa1
炉灶;lu2 zao4
烂;lan4
爬山;pa2 shan1
争先恐后;zheng1 xian1 kong3 hou4
争取;zheng1 qu3
争夺;zheng1 duo2
争气;zheng1 qi4
争端;zheng1 duan1
争论;zheng1 lun4
争议;zheng1 yi4
父亲;fu4 qin1
爸爸;ba4 ba5
爷爷;ye2 ye5
爽快;shuang3 kuai5
片;pian4|pian1
片刻;pian4 ke4
片断;pian4 duan4
片面;pian4 mian4
版本;ban3 ben3
牙膏;ya2 gao1
牙齿;ya2 chi3
牛仔裤;niu2 zai3 ku4
牛奶;niu2 nai3
牢固;lao2 gu4
牢骚;lao2 sao1
物业;wu4 ye4
物理;wu4 li3
物美价廉;wu4 mei3 jia4 lian2
物资;wu4 zi1
物质;wu4 zhi4
牲畜;sheng1 chu4
特别;te4 bie2
特定;te4 ding4
特征;te4 zheng1
特意;te4 yi4
特殊;te4 shu1
特色;te4 se4
特长;te4 chang2
特点;te4 dian3
牵;qian1
牵制;qian1 zhi4
牵扯;qian1 che3
牺牲;xi1 sheng1
犬;quan3
状态;zhuang4 tai4
状况;zhuang4 kuang4
狗;gou3
狠心;hen3 xin1
狡猾;jiao3 hua2
狭窄;xia2 zhai3
狭隘;xia2 ai4
狼吞虎咽;lang2 tun1 hu3 yan4
狼狈;lang2 bei4
猛烈;meng3 lie4
猜;cai1
猴子;hou2 zi5
犹如;you2 ru2
犹豫;you2 yu4
狮子;shi1 zi5|shi1 zi3
奖励;jiang3 li4
奖赏;jiang3 shang3
奖金;jiang3 jin1
独特;du2 te4
独立;du2 li4
独裁;du2 cai2
获得;huo4 de2
率领;shuai4 ling3
玉;yu4
玉米;yu4 mi3
王子;wang2 zi3
玩;wan2
玩具;wan2 ju4
玩弄;wan2 nong4
玩意儿;wan2 yi4 r5
玻璃;bo1 li5
珍惜;zhen1 xi1
珍珠;zhen1 zhu1
珍稀;zhen1 xi1
珍贵;zhen1 gui4
班;ban1
现代;xian4 dai4
现在;xian4 zai4
现场;xian4 chang3
现实;xian4 shi2
现成;xian4 cheng2
现状;xian4 zhuang4
现象;xian4 xiang4
现金;xian4 jin1
球迷;qiu2 mi2
理想;li3 xiang3
理所当然;li3 suo3 dang1 ran2
理智;li3 zhi4
理由;li3 you2
理直气壮;li3 zhi2 qi4 zhuang4
理睬;li3 cai3
理解;li3 jie3
理论;li3 lun4
理发;li3 fa4
琢磨;zhuo2 mo2|zuo2 mo5
环境;huan2 jing4
环节;huan2 jie2
瓦解;wa3 jie3
瓶子;ping2 zi5
甚至;shen4 zhi4
甜;tian2
生动;sheng1 dong4
生命;sheng1 ming4
生存;sheng1 cun2
生意;sheng1 yi4|sheng1 yi5
生态;sheng1 tai4
生效;sheng1 xiao4
生日;sheng1 ri4
生机;sheng1 ji1
生气;sheng1 qi4
生活;sheng1 huo2
生物;sheng1 wu4
生理;sheng1 li3
生产;sheng1 chan3
生疏;sheng1 shu1
生病;sheng1 bing4
生肖;sheng1 xiao4
生育;sheng1 yu4
生锈;sheng1 xiu4
生长;sheng1 zhang3
产品;chan3 pin3
产业;chan3 ye4
产生;chan3 sheng1
苏醒;su1 xing3
用;yong4
用功;yong4 gong1
用户;yong4 hu4
用途;yong4 tu2
甩;shuai3
甭;beng2|beng4
田径;tian2 jing4
田野;tian2 ye3
由;you2
由于;you2 yu2
甲;jia3
申报;shen1 bao4
申请;shen1 qing3
男;nan2
界限;jie4 xian4
畏惧;wei4 ju4
畔;pan4
留学;liu2 xue2
留念;liu2 nian4
留恋;liu2 lian4
留神;liu2 shen2
畜牧;xu4 mu4
毕业;bi4 ye4
毕竟;bi4 jing4
番;fan1|pan1
画;hua4
画蛇添足;hua4 she2 tian1 zu2
异常;yi4 chang2
当事人;dang1 shi4 ren2
当代;dang1 dai4
当初;dang1 chu1
当前;dang1 qian2
当务之急;dang1 wu4 zhi1 ji2
当地;dang1 di4
当场;dang1 chang3
当心;dang1 xin1
当时;dang4 shi2|dang1 shi2
当然;dang1 ran2
当选;dang1 xuan3
当面;dang1 mian4
疏忽;shu1 hu5
疏远;shu1 yuan3
疑问;yi2 wen4
疑惑;yi2 huo4
疙瘩;ge1 da5
疤;ba1
疲倦;pi2 juan4
疲劳;pi2 lao2
疲惫;pi2 bei4
疼;teng2
疼爱;teng2 ai4
疾病;ji2 bing4
病毒;bing4 du2
症状;zheng4 zhuang4
痒;yang3
痕迹;hen2 ji4
痛快;tong4 kuai4
痛苦;tong4 ku3
疯狂;feng1 kuang2
瘦;shou4
瘸;que2
癌症;ai2 zheng4
瘫痪;tan1 huan4
登机牌;deng1 ji1 pai2
登记;deng1 ji4
登录;deng1 lu4
登陆;deng1 lu4
发;fa1|fa4
发布;fa1 bu4
发动;fa1 dong4
发呆;fa1 dai1
发射;fa1 she4
发展;fa1 zhan3
发愁;fa1 chou2
发抖;fa1 dou3
发扬;fa1 yang2
发挥;fa1 hui1
发明;fa1 ming2
发炎;fa1 yan2
发烧;fa1 shao1
发现;fa1 xian4
发生;fa1 sheng1
发票;fa1 piao4
发育;fa1 yu4
发行;fa1 xing2
发表;fa1 biao3
发觉;fa1 jue2
发言;fa1 yan2
发誓;fa1 shi4
发财;fa1 cai2
发达;fa1 da2
白;bai2
百;bai3
百分之;bai3 fen1 zhi1
的;de5|di2|di1|di4
的确;di2 que4
皆;jie1
皇后;huang2 hou4
皇帝;huang2 di4
皮肤;pi2 fu1
皮革;pi2 ge2
皮鞋;pi2 xie2
皱纹;zhou4 wen2
盆;pen2
盆地;pen2 di4
盈利;ying2 li4
盒子;he2 zi5
盛;sheng4|cheng2
盛情;sheng4 qing2
盛产;sheng4 chan3
盛行;sheng4 xing2
盛开;sheng4 kai1
盗窃;dao4 qie4
尽力;jin4 li4
监狱;jian1 yu4
监督;jian1 du1
监视;jian1 shi4
盘子;pan2 zi5
盘旋;pan2 xuan2
目光;mu4 guang1
目前;mu4 qian2
目标;mu4 biao1
目的;mu4 di4
目睹;mu4 du3
目录;mu4 lu4
盯;ding1
盲目;mang2 mu4
直;zhi2
直径;zhi2 jing4
直接;zhi2 jie1
直播;zhi2 bo1
相似;xiang1 si4
相信;xiang1 xin4
相反;xiang1 fan3
相同;xiang1 tong2
相对;xiang1 dui4
相差;xiang1 cha4
相应;xiang1 ying4
相当;xiang1 dang1
相等;xiang1 deng3
相声;xiang4 sheng5
相处;xiang1 chu3
相辅相成;xiang1 fu3 xiang1 cheng2
相关;xiang1 guan1
盼望;pan4 wang4
省;xing3|sheng3
省会;sheng3 hui4
省略;sheng3 lve4
眉毛;mei2 mao5
看;kan4|kan1
看不起;kan4 bu5 qi3
看待;kan4 dai4
看望;kan4 wang4
看法;kan4 fa3
看见;kan4 jian4
真;zhen1
真实;zhen1 shi2
真挚;zhen1 zhi4
真正;zhen1 zheng4
真理;zhen1 li3
真相;zhen1 xiang4
眨;zha3
眯;mi1|mi2
眼光;yan3 guang1
眼睛;yan3 jing5
眼神;yan3 shen2
眼色;yan3 se4
眼镜;yan3 jing4
众所周知;zhong4 suo3 zhou1 zhi1
睁;zheng1
睡觉;shui4 jiao4
督促;du1 cu4
瞄准;miao2 zhun3
瞎;xia1
瞧;qiao2
瞪;deng4
瞬间;shun4 jian1
瞻仰;zhan1 yang3
矛盾;mao2 dun4
知觉;zhi1 jue2
知识;zhi1 shi5
知足常乐;zhi1 zu2 chang2 le4
知道;zhi1 dao4
短;duan3
短促;duan3 cu4
短信;duan3 xin4
矮;ai3
石油;shi2 you2
石头;shi2 tou5
砍;kan3
砍伐;kan3 fa2
研究;yan2 jiu1
破;po4
破例;po4 li4
破坏;po4 huai4
破产;po4 chan3
砸;za2
硬;ying4
硬件;ying4 jian4
碎;sui4
硕士;shuo4 shi4
确保;que4 bao3
确信;que4 xin4
确切;que4 qie4
确定;que4 ding4
确实;que4 shi2
确立;que4 li4
确认;que4 ren4
码头;ma3 tou2
磁带;ci2 dai4
磅;bang4
磋商;cuo1 shang1
磕;ke1|ke4
磨合;mo2 he2
矿泉水;kuang4 quan2 shui3
矿产;kuang4 chan3
示威;shi4 wei1
示意;shi4 yi4
示范;shi4 fan4
社区;she4 qu1
社会;she4 hui4
祖先;zu3 xian1
祖国;zu3 guo2
祖父;zu3 fu4
祝福;zhu4 fu2
祝贺;zhu4 he4
神仙;shen2 xian1
神奇;shen2 qi2
神态;shen2 tai4
神气;shen2 qi4
神秘;shen2 mi4
神经;shen2 jing1
神圣;shen2 sheng4
神话;shen2 hua4
票;piao4
禁止;jin4 zhi3
福利;fu2 li4
福气;fu2 qi5
礼尚往来;li3 shang4 wang3 lai2
礼拜天;li3 bai4 tian1
礼物;li3 wu4
礼节;li3 jie2
礼貌;li3 mao4
离;chi1|li2
秃;tu1
私人;si1 ren2
私自;si1 zi4
秋;qiu1
科学;ke1 xue2
科目;ke1 mu4
秒;miao3
秘密;mi4 mi4
秘书;mi4 shu1
租;zu1
租赁;zu1 lin4
秤;cheng1|cheng4
秩序;zhi4 xu4
移动;yi2 dong4
移民;yi2 min2
税;shui4
程序;cheng2 xu4
程度;cheng2 du4
稍微;shao1 wei1
稠密;chou2 mi4
种;zhong4|zhong3
种子;zhong3 zi5
种族;zhong3 zu2
种植;zhong4 zhi2
种类;zhong3 lei4
称;chen4|cheng1|cheng4
称呼;cheng1 hu5
称心如意;chen4 xin1 ru2 yi4
称号;cheng1 hao4
称赞;cheng1 zan4
稻谷;dao4 gu3
稿件;gao3 jian4
积极;ji1 ji2
积累;ji1 lei3
稳定;wen3 ding4
究竟;jiu1 jing4
空;kong1|kong4
空前绝后;kong1 qian2 jue2 hou4
空想;kong1 xiang3
空气;kong1 qi4
空洞;kong1 dong4
空白;kong4 bai2
空虚;kong1 xu1
空调;kong1 tiao2
空闲;kong4 xian2
空间;kong1 jian1
空隙;kong4 xi4
穿;chuan1
穿越;chuan1 yue4
突出;tu1 chu1
突然;tu1 ran2
突破;tu1 po4
窄;zhai3
窗户;chuang1 hu5
窗帘;chuang1 lian2
窝;wo1
穷;qiong2
窜;cuan4
窍门;qiao4 men2
立交桥;li4 jiao1 qiao2
立刻;li4 ke4
立即;li4 ji2
立场;li4 chang3
立方;li4 fang1
立足;li4 zu2
立体;li4 ti3
站;zhan4
竟然;jing4 ran2
章程;zhang1 cheng2
童话;tong2 hua4
竖;shu4
竭尽全力;jie2 jin4 quan2 li4
端;duan1
端午节;duan1 wu3 jie2
端正;duan1 zheng4
竞争;jing4 zheng1
竞赛;jing4 sai4
竞选;jing4 xuan3
竹子;zhu2 zi5
笑话;xiao4 hua5
符合;fu2 he2
符号;fu2 hao4
笨;ben4
笨拙;ben4 zhuo1
第一;di4 yi1
笔记本;bi3 ji4 ben3
等;deng3
等候;deng3 hou4
等待;deng3 dai4
等于;deng3 yu2
等级;deng3 ji2
筐;kuang1
答复;da2 fu4
答应;da1 ying5
答案;da2 an4
答辩;da2 bian4
策划;ce4 hua4
策略;ce4 lve4
筷子;kuai4 zi5
算数;suan4 shu4
管子;guan3 zi3|guan3 zi5
管理;guan3 li3
管辖;guan3 xia2
节;jie1|jie2
节制;jie2 zhi4
节奏;jie2 zou4
节日;jie2 ri4
节目;jie2 mu4
节省;jie2 sheng3
节约;jie2 yue1
范围;fan4 wei2
范畴;fan4 chou2
篇;pian1
筛选;shai1 xuan3
简化;jian3 hua4
简单;jian3 dan1
简历;jian3 li4
简直;jian3 zhi2
简要;jian3 yao4
简陋;jian3 lou4
简体字;jian3 ti3 zi4
签;qian1
签署;qian1 shu3
签证;qian1 zheng4
筹备;chou2 bei4
籍贯;ji2 guan4
笼罩;long3 zhao4
米;mi3
米饭;mi3 fan4
粉末;fen3 mo4
粉碎;fen3 sui4
粉色;fen3 se4
粒;li4
粗心;cu1 xin1
粗糙;cu1 cao1
粗鲁;cu1 lu3
粘贴;zhan1 tie1
粥;zhou1|yu4
精力;jing1 li4
精密;jing1 mi4
精彩;jing1 cai3
精心;jing1 xin1
精打细算;jing1 da3 xi4 suan4
精益求精;jing1 yi4 qiu2 jing1
精确;jing1 que4
精神;jing1 shen2|jing1 shen5
精简;jing1 jian3
精致;jing1 zhi4
精华;jing1 hua2
精通;jing1 tong1
糊涂;hu2 tu5
糖;tang2
糟糕;zao1 gao1
糟蹋;zao1 ta4
粮食;liang2 shi5
系列;xi4 lie4
系统;xi4 tong3
纠正;jiu1 zheng4
纠纷;jiu1 fen1
纪律;ji4 lv4
纪念;ji4 nian4
纪要;ji4 yao4
纪录;ji4 lu4
约会;yue1 hui4
约束;yue1 shu4
红;hong2
纳闷儿;na4 men4 r5
纯洁;chun2 jie2
纯粹;chun2 cui4
级别;ji2 bie2
纷纷;fen1 fen1
素质;su4 zhi4
素食;su4 shi2
纺织;fang3 zhi1
索取;suo3 qu3
索性;suo3 xing4
紫;zi3
累;lei2|lei4|lei3
细节;xi4 jie2
细致;xi4 zhi4
细胞;xi4 bao1
细菌;xi4 jun1
绅士;shen1 shi4
终于;zhong1 yu2
终止;zhong1 zhi3
终究;zhong1 jiu1
终身;zhong1 shen1
终点;zhong1 dian3
组;zu3
组合;zu3 he2
组成;zu3 cheng2
组织;zu3 zhi1
结合;jie2 he2
结婚;jie2 hun1
结实;jie1 shi2|jie1 shi5
结局;jie2 ju2
结晶;jie2 jing1
结束;jie2 shu4
结果;jie1 guo3|jie2 guo3
结构;jie2 gou4
结算;jie2 suan4
结论;jie2 lun4
结账;jie2 zhang4
绝对;jue2 dui4
绝望;jue2 wang4
络绎不绝;luo4 yi4 bu4 jue2
给;gei3|ji3
给予;ji3 yu3
统一;tong3 yi1
统治;tong3 zhi4
统筹兼顾;tong3 chou2 jian1 gu4
统统;tong3 tong3
统计;tong3 ji4
丝毫;si1 hao2
丝绸;si1 chou2
绑架;bang3 jia4
绣;xiu4
经典;jing1 dian3
经商;jing1 shang1
经常;jing1 chang2
经历;jing1 li4
经济;jing1 ji4
经营;jing1 ying2
经理;jing1 li3
经纬;jing1 wei3
经费;jing1 fei4
经过;jing1 guo4
经验;jing1 yan4
综合;zong1 he2
绿;lv4
维修;wei2 xiu1
维持;wei2 chi2
维生素;wei2 sheng1 su4
维护;wei2 hu4
纲领;gang1 ling3
网球;wang3 qiu2
网站;wang3 zhan4
网络;wang3 luo4
紧张;jin3 zhang1
紧急;jin3 ji2
紧迫;jin3 po4
线索;xian4 suo3
缘故;yuan2 gu4
编织;bian1 zhi1
编辑;bian1 ji2
缓和;huan3 he2
缓解;huan3 jie3
练习;lian4 xi2
县;xian4
缩短;suo1 duan3
纵横;zong4 heng2
总之;zong3 zhi1
总共;zong3 gong4
总和;zong3 he2
总是;zong3 shi4
总理;zong3 li3
总算;zong3 suan4
总结;zong3 jie2
总统;zong3 tong3
总而言之;zong3 er2 yan2 zhi1
总裁;zong3 cai2
繁忙;fan2 mang2
繁荣;fan2 rong2
繁殖;fan2 zhi2
繁华;fan2 hua2
繁体字;fan2 ti3 zi4
绕;rao4
绳子;sheng2 zi5
缴纳;jiao3 na4
继承;ji4 cheng2
继续;ji4 xu4
缠绕;chan2 rao4
纤维;xian1 wei2
缺乏;que1 fa2
缺口;que1 kou3
缺少;que1 shao3
缺席;que1 xi2
缺陷;que1 xian4
缺点;que1 dian3
罐;guan4
罕见;han3 jian4
罪犯;zui4 fan4
罚款;fa2 kuan3
骂;ma4
罢工;ba4 gong1
羊肉;yang2 rou4
美妙;mei3 miao4
美满;mei3 man3
美术;mei3 shu4
美观;mei3 guan1
美丽;mei3 li4
羞耻;xiu1 chi3
群;qun2
群众;qun2 zhong4
羡慕;xian4 mu4
义务;yi4 wu4
羽毛球;yu3 mao2 qiu2
羽绒服;yu3 rong2 fu2
翅膀;chi4 bang3
习俗;xi2 su2
习惯;xi2 guan4
翘;qiao4|qiao2
翻;fan1
翻译;fan1 yi4
翼;yi4
耀眼;yao4 yan3
老;lao3
老婆;lao3 po2
老实;lao3 shi5
老师;lao3 shi1
老板;lao3 ban3
老百姓;lao3 bai3 xing4
老虎;lao3 hu3
老鼠;lao3 shu3
考古;kao3 gu3
考察;kao3 cha2
考虑;kao3 lv4
考核;kao3 he2
考试;kao3 shi4
考验;kao3 yan4
而;er2
而且;er2 qie3
而已;er2 yi3
耍;shua3
耐心;nai4 xin1
耐用;nai4 yong4
耕地;geng1 di4
耗费;hao4 fei4
耳朵;er3 duo5
耳环;er3 huan2
耽误;dan1 wu5
聊天;liao2 tian1
聚会;ju4 hui4
聚精会神;ju4 jing1 hui4 shen2
闻;wen2
联系;lian2 xi4
联合;lian2 he2
联想;lian2 xiang3
联欢;lian2 huan1
联盟;lian2 meng2
联络;lian2 luo4
聪明;cong1 ming5
声势;sheng1 shi4
声明;sheng1 ming2
声调;sheng1 diao4
声誉;sheng1 yu4
声音;sheng1 yin1
耸;song3
职位;zhi2 wei4
职务;zhi2 wu4
职业;zhi2 ye4
职能;zhi2 neng2
聋哑;long2 ya3
肆无忌惮;si4 wu2 ji4 dan4
肌肉;ji1 rou4
肖像;xiao4 xiang4
肚子;du4 zi5
股份;gu3 fen4
股东;gu3 dong1
股票;gu3 piao4
肥沃;fei2 wo4
肥皂;fei2 zao4
肩膀;jian1 bang3
肯定;ken3 ding4
肺;fei4
胃;wei4
胃口;wei4 kou3
背叛;bei4 pan4
背景;bei4 jing3
背诵;bei4 song4
胖;pan2|pang4
胡乱;hu2 luan4
胡同;hu2 tong4
胡说;hu2 shuo1
胳膊;ge1 bo5
胸;xiong1
胸怀;xiong1 huai2
胸膛;xiong1 tang2
能;neng2
能力;neng2 li4
能干;neng2 gan4
能源;neng2 yuan2
能量;neng2 liang4
脂肪;zhi1 fang2
脆弱;cui4 ruo4
脉搏;mai4 bo2
脖子;bo2 zi5
脱;tuo1
脱离;tuo1 li2
脾气;pi2 qi5
腐败;fu3 bai4
腐朽;fu3 xiu3
腐烂;fu3 lan4
腐蚀;fu3 shi2
腥;xing1
脑袋;nao3 dai5
肿瘤;zhong3 liu2
腰;yao1
脚;jue2|jiao3
腹泻;fu4 xie4
腿;tui3
膜;mo2
膝盖;xi1 gai4
胶水;jiao1 shui3
胆小鬼;dan3 xiao3 gui3
胆怯;dan3 qie4
臂;bi4
脸;lian3
脏;zang4|zang1
卧室;wo4 shi4
临床;lin2 chuang2
临时;lin2 shi2
自主;zi4 zhu3
自信;zi4 xin4
自力更生;zi4 li4 geng1 sheng1
自动;zi4 dong4
自卑;zi4 bei1
自己;zi4 ji3
自从;zi4 cong2
自满;zi4 man3
自然;zi4 ran2
自由;zi4 you2
自发;zi4 fa1
自私;zi4 si1
自行车;zi4 xing2 che1
自觉;zi4 jue2
自豪;zi4 hao2
自愿;zi4 yuan4
臭;xiu4|chou4
至今;zhi4 jin1
至少;zhi4 shao3
至于;zhi4 yu2
致使;zhi4 shi3
致力;zhi4 li4
致辞;zhi4 ci2
台阶;tai2 jie1
台风;tai2 feng1
舅舅;jiu4 jiu5
与;yu3|yu2|yu4
与其;yu3 qi2
与日俱增;yu3 ri4 ju4 zeng1
兴奋;xing1 fen4
兴旺;xing1 wang4
兴致勃勃;xing4 zhi4 bo2 bo2
兴隆;xing1 long2
兴高采烈;xing4 gao1 cai3 lie4
举世瞩目;ju3 shi4 zhu3 mu4
举动;ju3 dong4
举行;ju3 xing2
举足轻重;ju3 zu2 qing1 zhong4
举办;ju3 ban4
旧;jiu4
舌头;she2 tou5
舒畅;shu1 chang4
舒服;shu1 fu5
舒适;shu1 shi4
舔;tian3
铺;pu1|pu4
舞蹈;wu3 dao3
舟;zhou1
船;chuan2
航天;hang2 tian1
航班;hang2 ban1
航空;hang2 kong1
航行;hang2 xing2
船舶;chuan2 bo2
艘;sou1
舱;cang1
舰艇;jian4 ting3
良好;liang2 hao3
良心;liang2 xin1
艰巨;jian1 ju4
艰苦;jian1 ku3
艰难;jian1 nan2
色彩;se4 cai3
草;cao3|cao4
花;hua1
花瓣;hua1 ban4
花生;hua1 sheng1
花蕾;hua1 lei3
苗条;miao2 tiao5
若干;ruo4 gan1
苦;ku3
苦涩;ku3 se4
苦尽甘来;ku3 jin4 gan1 lai2
英俊;ying1 jun4
英勇;ying1 yong3
英明;ying1 ming2
英雄;ying1 xiong2
茂盛;mao4 sheng4
茫然;mang2 ran2
茫茫;mang2 mang2
茶;cha2
草案;cao3 an4
草率;cao3 shuai4
荒唐;huang1 tang2
荒凉;huang1 liang2
荒谬;huang1 miu4
庄严;zhuang1 yan2
庄稼;zhuang1 jia5
庄重;zhuang1 zhong4
茎;jing1
莫名其妙;mo4 ming2 qi2 miao4
菜;cai4
菜单;cai4 dan1
华侨;hua2 qiao2
华裔;hua2 yi4
华丽;hua2 li4
萌芽;meng2 ya2
万一;wan4 yi1
万分;wan4 fen1
落实;luo4 shi2
落后;luo4 hou4
落成;luo4 cheng2
叶子;ye4 zi5
着;zhe5|zhao1|zhao2|zhuo2
著作;zhu4 zuo4
著名;zhu4 ming2
着急;zhao2 ji2
着想;zhuo2 xiang3
着手;zhuo2 shou3
着凉;zhao2 liang2
着火;zhao2 huo3
着迷;zhao2 mi2
着重;zhuo2 zhong4
葡萄;pu2 tao5
董事长;dong3 shi4 zhang3
药;yao4
荤;hun1
蒸发;zheng1 fa1
苍白;cang1 bai2
盖;ge3|gai4
盖章;gai4 zhang1
蔑视;mie4 shi4
蔓延;man4 yan2
蔚蓝;wei4 lan2
蔬菜;shu1 cai4
薄;bo4|bo2|bao2
薄弱;bo2 ruo4
薪水;xin1 shui3
熏陶;xun1 tao2
蓝;lan2
藐视;miao3 shi4
艺术;yi4 shu4
蕴藏;yun4 cang2
苹果;ping2 guo3
虐待;nve4 dai4
处分;chu3 fen4
处境;chu3 jing4
处理;chu3 li3
处置;chu3 zhi4
虚假;xu1 jia3
虚伪;xu1 wei3
虚心;xu1 xin1
虚荣;xu1 rong2
号;hao4|hao2
号召;hao4 zhao4
号码;hao4 ma3
亏待;kui1 dai4
亏损;kui1 sun3
蛇;she2
蛋白质;dan4 bai2 zhi4
蛋糕;dan4 gao1
蜜蜂;mi4 feng1
蝴蝶;hu2 die2
融化;rong2 hua4
融洽;rong2 qia4
蚂蚁;ma3 yi3
蜡烛;la4 zhu2
血;xue4
血压;xue4 ya1
行;xing2|hang2
行人;xing2 ren2
行列;hang2 lie4
行动;xing2 dong4
行政;xing2 zheng4
行李箱;xing2 li5 xiang1
行业;hang2 ye4
行为;xing2 wei2
街道;jie1 dao4
卫星;wei4 xing1
卫生间;wei4 sheng1 jian1
冲动;chong1 dong4
冲突;chong1 tu1
衣服;yi1 fu5
衣裳;yi1 shang5
表彰;biao3 zhang1
表情;biao3 qing2
表态;biao3 tai4
表扬;biao3 yang2
表明;biao3 ming2
表格;biao3 ge2
表决;biao3 jue2
表演;biao3 yan3
表现;biao3 xian4
表示;biao3 shi4
表达;biao3 da2
表面;biao3 mian4
衰老;shuai1 lao3
衰退;shuai1 tui4
衷心;zhong1 xin1
被;bei4
被动;bei4 dong4
被告;bei4 gao4
被子;bei4 zi5
裤子;ku4 zi5
裁判;cai2 pan4
裁员;cai2 yuan2
裁缝;cai2 feng5|cai2 feng2
里;li3
裙子;qun2 zi5
补偿;bu3 chang2
补充;bu3 chong1
补救;bu3 jiu4
补贴;bu3 tie1
装;zhuang1
装修;zhuang1 xiu1
装备;zhuang1 bei4
装卸;zhuang1 xie4
装饰;zhuang1 shi4
制作;zhi4 zuo4
制造;zhi4 zao4
复印;fu4 yin4
复制;fu4 zhi4
复杂;fu4 za2
袜子;wa4 zi5
衬托;chen4 tuo1
衬衫;chen4 shan1
袭击;xi2 ji1
西;xi1
西瓜;xi1 gua1
西红柿;xi1 hong2 shi4
要;yao1|yao4
要不;yao4 bu4
要命;yao4 ming4
要是;yao4 shi5
要求;yao1 qiu2
要素;yao4 su4
要点;yao4 dian3
覆盖;fu4 gai4
见多识广;jian4 duo1 shi2 guang3
见义勇为;jian4 yi4 yong3 wei2
见闻;jian4 wen2
见解;jian4 jie3
见面;jian4 mian4
规则;gui1 ze2
规划;gui1 hua4
规定;gui1 ding4
规律;gui1 lv4
规格;gui1 ge2
规模;gui1 mo2
规矩;gui1 ju5
规章;gui1 zhang1
规范;gui1 fan4
视力;shi4 li4
视线;shi4 xian4
视野;shi4 ye3
视频;shi4 pin2
亲切;qin1 qie4
亲密;qin1 mi4
亲爱;qin1 ai4
亲戚;qin1 qi5
亲热;qin1 re4
亲自;qin1 zi4
觉得;jue2 de5
觉悟;jue2 wu4
觉醒;jue2 xing3
观光;guan1 guang1
观察;guan1 cha2
观念;guan1 nian4
观众;guan1 zhong4
观点;guan1 dian3
角;jue2|jiao3
角度;jiao3 du4
角色;jue2 se4
角落;jiao3 luo4
解雇;jie3 gu4
解剖;jie3 pou1
解放;jie3 fang4
解散;jie3 san4
解决;jie3 jue2
解释;jie3 shi4
解除;jie3 chu2
解体;jie3 ti3
触犯;chu4 fan4
言论;yan2 lun4
计划;ji4 hua4
计算;ji4 suan4
计较;ji4 jiao4
讨价还价;tao3 jia4 huan2 jia4
讨厌;tao3 yan4
讨好;tao3 hao3
讨论;tao3 lun4
训练;xun4 lian4
记得;ji4 de5
记性;ji4 xing5
记忆;ji4 yi4
记者;ji4 zhe3
记载;ji4 zai3
记录;ji4 lu4
访问;fang3 wen4
设备;she4 bei4
设想;she4 xiang3
设施;she4 shi1
设立;she4 li4
设置;she4 zhi4
设计;she4 ji4
许可;xu3 ke3
许多;xu3 duo1
诉讼;su4 song4
诊断;zhen3 duan4
注册;zhu4 ce4
诈骗;zha4 pian4
评估;ping2 gu1
评价;ping2 jia4
评论;ping2 lun4
词典;ci2 dian3
词汇;ci2 hui4
词语;ci2 yu3
询问;xun2 wen4
试;shi4
试卷;shi4 juan4
试图;shi4 tu2
试验;shi4 yan4
诗;shi1
诧异;cha4 yi4
话筒;hua4 tong3
话题;hua4 ti2
详细;xiang2 xi4
夸张;kua1 zhang1
认可;ren4 ke3
认定;ren4 ding4
认为;ren4 wei2
认真;ren4 zhen1
认识;ren4 shi5
诞生;dan4 sheng1
诞辰;dan4 chen2
诱惑;you4 huo4
语气;yu3 qi4
语法;yu3 fa3
语言;yu3 yan2
诚实;cheng2 shi2
诚恳;cheng2 ken3
诚挚;cheng2 zhi4
诬陷;wu1 xian4
误差;wu4 cha1
误会;wu4 hui4
误解;wu4 jie3
说;shuo1|shui4
说不定;shuo1 bu5 ding4
说明;shuo1 ming2
说服;shuo1 fu2
说话;shuo1 hua4
谁;shei2|shui2
课;ke4
课程;ke4 cheng2
课题;ke4 ti2
诽谤;fei3 bang4
调剂;tiao2 ji4
调动;diao4 dong4
调和;tiao2 he2
调整;tiao2 zheng3
调料;tiao2 liao4
调查;diao4 cha2
调皮;tiao2 pi2
调节;tiao2 jie2
调解;tiao2 jie3
谈;tan2
谈判;tan2 pan4
请;qing3
请假;qing3 jia4
请帖;qing3 tie3
请教;qing3 jiao4
请柬;qing3 jian3
请求;qing3 qiu2
请示;qing3 shi4
谅解;liang4 jie3
论坛;lun4 tan2
论文;lun4 wen2
论证;lun4 zheng4
讽刺;feng3 ci4
诸位;zhu1 wei4
谋求;mou2 qiu2
谜语;mi2 yu3
谦虚;qian1 xu1
谦逊;qian1 xun4
讲;jiang3
讲座;jiang3 zuo4
讲究;jiang3 jiu5
谢绝;xie4 jue2
谢谢;xie4 xie5
谣言;yao2 yan2
谨慎;jin3 shen4
证件;zheng4 jian4
证实;zheng4 shi2
证据;zheng4 ju4
证明;zheng4 ming2
证书;zheng4 shu1
讥笑;ji1 xiao4
识别;shi2 bie2
警告;jing3 gao4
警察;jing3 cha2
警惕;jing3 ti4
譬如;pi4 ru2
议论;yi4 lun4
谴责;qian3 ze2
护士;hu4 shi5
护照;hu4 zhao4
读;du2|dou4
变化;bian4 hua4
变故;bian4 gu4
变质;bian4 zhi4
变迁;bian4 qian1
让;rang4
让步;rang4 bu4
赞叹;zan4 tan4
赞美;zan4 mei3
豆腐;dou4 fu5
岂有此理;qi3 you3 ci3 li3
丰富;feng1 fu4
丰收;feng1 shou1
丰满;feng1 man3
丰盛;feng1 sheng4
象征;xiang4 zheng1
象棋;xiang4 qi2
豪华;hao2 hua2
豪迈;hao2 mai4
猪;zhu1
猫;mao1
贝壳;bei4 ke2
负担;fu4 dan1
负责;fu4 ze2
财务;cai2 wu4
财富;cai2 fu4
财政;cai2 zheng4
财产;cai2 chan3
贡献;gong4 xian4
贫乏;pin2 fa2
贫困;pin2 kun4
货币;huo4 bi4
贩卖;fan4 mai4
贪婪;tan1 lan2
贪污;tan1 wu1
贯彻;guan4 che4
责任;ze2 ren4
责备;ze2 bei4
责怪;ze2 guai4
贵;gui4
贵族;gui4 zu2
贬低;bian3 di1
贬义;bian3 yi4
买;mai3
贷款;dai4 kuan3
贸易;mao4 yi4
贿赂;hui4 lu4
资助;zi1 zhu4
资料;zi1 liao4
资本;zi1 ben3
资格;zi1 ge2
资深;zi1 shen1
资源;zi1 yuan2
资产;zi1 chan3
资金;zi1 jin1
贼;zei2
宾馆;bin1 guan3
赔偿;pei2 chang2
贤惠;xian2 hui4
卖;mai4
赋予;fu4 yu3
质量;zhi4 liang4
账户;zhang4 hu4
赌博;du3 bo2
赚;zuan4|zhuan4
购物;gou4 wu4
赠送;zeng4 song4
赞助;zan4 zhu4
赞成;zan4 cheng2
赢;ying2
赤字;chi4 zi4
赤道;chi4 dao4
走;zou3
走廊;zou3 lang2
走漏;zou3 lou4
走私;zou3 si1
起伏;qi3 fu2
起来;qi3 lai5|qi5 lai5
起初;qi3 chu1
起床;qi3 chuang2
起源;qi3 yuan2
起码;qi3 ma3
起草;qi3 cao3
起飞;qi3 fei1
起哄;qi3 hong4
趁;chen4
超市;chao1 shi4
超级;chao1 ji2
超越;chao1 yue4
超过;chao1 guo4
越;yue4
赶;gan3
赶快;gan3 kuai4
赶紧;gan3 jin3
趣味;qu4 wei4
趋势;qu1 shi4
足以;zu2 yi3
趴;pa1
跌;die1
跑步;pao3 bu4
距离;ju4 li2
跟;gen1
跟前;gen1 qian5|gen1 qian2
跟踪;gen1 zong1
跟随;gen1 sui2
迹象;ji4 xiang4
跨;kua4
跪;gui4
路;lu4
跳舞;tiao4 wu3
跳跃;tiao4 yue4
踩;cai3
踏实;ta1 shi5
践踏;jian4 ta4
踊跃;yong3 yue4
踪迹;zong1 ji4
蹦;beng4
蹬;deng1
蹲;dun1
身份;shen1 fen4
身材;shen1 cai2
身体;shen1 ti3
躲藏;duo3 cang2
躺;tang3
车库;che1 ku4
车厢;che1 xiang1
轨道;gui3 dao4
军事;jun1 shi4
军队;jun1 dui4
软;ruan3
软件;ruan3 jian4
较量;jiao4 liang4
辅助;fu3 zhu4
辅导;fu3 dao3
轻;qing1
轻易;qing1 yi4
轻视;qing1 shi4
轻松;qing1 song1
辆;liang4
辉煌;hui1 huang2
轮廓;lun2 kuo4
轮流;lun2 liu2
轮胎;lun2 tai1
轮船;lun2 chuan2
输;shu1
输入;shu1 ru4
辐射;fu2 she4
舆论;yu2 lun4
转;zhuan3|zhuai3|zhuan4
转告;zhuan3 gao4
转折;zhuan3 zhe2
转移;zhuan3 yi2
转变;zhuan3 bian4
转让;zhuan3 rang4
转达;zhuan3 da2
轰动;hong1 dong4
辛勤;xin1 qin2
辛苦;xin1 ku3
辜负;gu1 fu4
辣;la4
辣椒;la4 jiao1
办公室;ban4 gong1 shi4
办法;ban4 fa3
办理;ban4 li3
辨认;bian4 ren4
辞职;ci2 zhi2
辫子;bian4 zi5
辩解;bian4 jie3
辩论;bian4 lun4
辩证;bian4 zheng4
辩护;bian4 hu4
农历;nong2 li4
农村;nong2 cun1
农业;nong2 ye4
农民;nong2 min2
迄今为止;qi4 jin1 wei2 zhi3
迅速;xun4 su4
迎接;ying2 jie1
迎面;ying2 mian4
近;jin4
近代;jin4 dai4
近来;jin4 lai2
迫不及待;po4 bu4 ji2 dai4
迫切;po4 qie4
迫害;po4 hai4
迷人;mi2 ren2
迷信;mi2 xin4
迷惑;mi2 huo5
迷路;mi2 lu4
迸发;beng4 fa1
追;dui1|zhui1
追悼;zhui1 dao4
追求;zhui1 qiu2
追究;zhui1 jiu1
退;tui4
退休;tui4 xiu1
退步;tui4 bu4
送;song4
逃;tao2
逃避;tao2 bi4
逆行;ni4 xing2
透明;tou4 ming2
透露;tou4 lu4
逐年;zhu2 nian2
逐步;zhu2 bu4
逐渐;zhu2 jian4
途径;tu2 jing4
逗;dou4
这;zhe4
通俗;tong1 su2
通常;tong1 chang2
通用;tong1 yong4
通知;tong1 zhi1
通缉;tong1 ji1
通讯;tong1 xun4
通货膨胀;tong1 huo4 peng2 zhang4
通过;tong1 guo4
逛;guang4
逝世;shi4 shi4
速度;su4 du4
造型;zao4 xing2
造成;zao4 cheng2
逢;feng2
连;lian2
连同;lian2 tong2
连年;lian2 nian2
连忙;lian2 mang2
连续;lian2 xu4
连锁;lian2 suo3
逮捕;dai4 bu3
周年;zhou1 nian2
周期;zhou1 qi1
周末;zhou1 mo4
进;jin4
进化;jin4 hua4
进口;jin4 kou3
进展;jin4 zhan3
进攻;jin4 gong1
进步;jin4 bu4
进而;jin4 er2
进行;jin4 xing2
逼迫;bi1 po4
遇到;yu4 dao4
游戏;you2 xi4
游览;you2 lan3
运动;yun4 dong4
运气;yun4 qi5
运用;yun4 yong4
运算;yun4 suan4
运行;yun4 xing2
运输;yun4 shu1
遍布;bian4 bu4
过;guo4|guo5
过分;guo4 fen4
过去;guo4 qu5|guo4 qu4
过问;guo4 wen4
过失;guo4 shi1
过度;guo4 du4
过敏;guo4 min3
过于;guo4 yu2
过期;guo4 qi1
过渡;guo4 du4
过滤;guo4 lv4
过奖;guo4 jiang3
过瘾;guo4 yin3
过程;guo4 cheng2
遏制;e4 zhi4
道德;dao4 de2
道歉;dao4 qian4
道理;dao4 li5
达到;da2 dao4
达成;da2 cheng2
违反;wei2 fan3
违背;wei2 bei4
遥控;yao2 kong4
遥远;yao2 yuan3
递;di4
递增;di4 zeng1
远;yuan4|yuan3
适合;shi4 he2
适宜;shi4 yi2
适应;shi4 ying4
遭受;zao1 shou4
遭殃;zao1 yang1
遭遇;zao1 yu4
遮挡;zhe1 dang3
迟到;chi2 dao4
迟早;chi2 zao3
迟疑;chi2 yi2
迟缓;chi2 huan3
迟钝;chi2 dun4
遵守;zun1 shou3
遵循;zun1 xun2
迁就;qian1 jiu4
迁徙;qian1 xi3
选手;xuan3 shou3
选拔;xuan3 ba2
选择;xuan3 ze2
选举;xuan3 ju3
遗传;yi2 chuan2
遗失;yi2 shi1
遗憾;yi2 han4
遗产;yi2 chan3
遗留;yi2 liu2
辽阔;liao2 kuo4
避免;bi4 mian3
邀请;yao1 qing3
迈;mai4
还;hai2|huan2
还原;huan2 yuan2
还是;hai2 shi5
边境;bian1 jing4
边界;bian1 jie4
边疆;bian1 jiang1
边缘;bian1 yuan2
逻辑;luo2 ji5
那;na1|na4|nuo2|na3
郊区;jiao1 qu1
部位;bu4 wei4
部分;bu4 fen5
部署;bu4 shu3
部门;bu4 men2
邮局;you2 ju2
都;du1|dou1
乡镇;xiang1 zhen4
鄙视;bi3 shi4
郑重;zheng4 zhong4
邻居;lin2 ju1
配偶;pei4 ou3
配备;pei4 bei4
配合;pei4 he2
配套;pei4 tao4
酒吧;jiu3 ba1
酒精;jiu3 jing1
酗酒;xu4 jiu3
酸;suan1
醉;zui4
醋;cu4
醒;xing3
丑恶;chou3 e4
酝酿;yun4 niang4
医生;yi1 sheng1
医院;yi1 yuan4
酱油;jiang4 you2
释放;shi4 fang4
里程碑;li3 cheng2 bei1
重;zhong4|chong2
重大;zhong4 da4
重心;zhong4 xin1
重新;chong2 xin1
重叠;chong2 die2
重复;chong2 fu4
重要;zhong4 yao4
重视;zhong4 shi4
重量;zhong4 liang4
重点;zhong4 dian3|chong2 dian3
野心;ye3 xin1
野蛮;ye3 man2
厘米;li2 mi3
金属;jin1 shu3
金融;jin1 rong2
针对;zhen1 dui4
钓;diao4
钞票;chao1 piao4
钙;gai4
铃;ling2
铅笔;qian1 bi3
钩子;gou1 zi5
银;yin2
银行;yin2 hang2
铜;tong2
衔接;xian2 jie1
销售;xiao1 shou4
销毁;xiao1 hui3
锋利;feng1 li4
钢铁;gang1 tie3
录取;lu4 qu3
录音;lu4 yin1
锤;chui2
钱;qian2
锦上添花;jin3 shang4 tian1 hua1
错;cuo4
错误;cuo4 wu4
锅;guo1
锻炼;duan4 lian4
锲而不舍;qie4 er2 bu4 she3
键盘;jian4 pan2
锁;suo3
镇定;zhen4 ding4
镇静;zhen4 jing4
镜子;jing4 zi5
镜头;jing4 tou2
铸造;zhu4 zao4
鉴别;jian4 bie2
鉴定;jian4 ding4
鉴于;jian4 yu2
钥匙;yao4 shi5
镶嵌;xiang1 qian4
钻石;zuan4 shi2
钻研;zuan1 yan2
长;zhang3|chang2
长城;chang2 cheng2
长江;chang2 jiang1
长辈;zhang3 bei4
长途;chang2 tu2
门;men2
闪烁;shan3 shuo4
闪电;shan3 dian4
闭塞;bi4 se4
开;kai1
开始;kai1 shi3
开展;kai1 zhan3
开幕式;kai1 mu4 shi4
开心;kai1 xin1
开拓;kai1 tuo4
开采;kai1 cai3
开支;kai1 zhi1
开放;kai1 fang4
开明;kai1 ming2
开朗;kai1 lang3
开水;kai1 shui3
开玩笑;kai1 wan2 xiao4
开发;kai1 fa1
开阔;kai1 kuo4
开辟;kai1 pi4
开除;kai1 chu2
闲话;xian2 hua4
间接;jian4 jie1
间谍;jian4 die2
间隔;jian4 ge2
阅读;yue4 du2
闯;chuang3
关;guan1
关系;guan1 xi5
关心;guan1 xin1
关怀;guan1 huai2
关于;guan1 yu2
关照;guan1 zhao4
关键;guan1 jian4
关闭;guan1 bi4
阐述;chan3 shu4
防守;fang2 shou3
防止;fang2 zhi3
防治;fang2 zhi4
防御;fang2 yu4
阻挠;zu3 nao2
阻拦;zu3 lan2
阻止;zu3 zhi3
阻碍;zu3 ai4
阿姨;a1 yi2
附件;fu4 jian4
附和;fu4 he4
附属;fu4 shu3
附近;fu4 jin4
陌生;mo4 sheng1
降低;jiang4 di1
降临;jiang4 lin2
降落;jiang4 luo4
限制;xian4 zhi4
陡峭;dou3 qiao4
阵;zhen4
阵地;zhen4 di4
阵容;zhen4 rong2
除;chu2
除了;chu2 le5
除夕;chu2 xi1
除非;chu2 fei1
陪;pei2
阴;yin1
阴谋;yin1 mou2
陈列;chen2 lie4
陈旧;chen2 jiu4
陈述;chen2 shu4
陶瓷;tao2 ci2
陶醉;tao2 zui4
陷入;xian4 ru4
陷害;xian4 hai4
陷阱;xian4 jing3
陆地;lu4 di4
陆续;lu4 xu4
阳光;yang2 guang1
阳台;yang2 tai2
隆重;long2 zhong4
队伍;dui4 wu3
阶层;jie1 ceng2
阶段;jie1 duan4
隔壁;ge2 bi4
隔阂;ge2 he2
隔离;ge2 li2
障碍;zhang4 ai4
隧道;sui4 dao4
随便;sui2 bian4
随即;sui2 ji2
随意;sui2 yi4
随手;sui2 shou3
随时;sui2 shi2
随着;sui2 zhe5
随身;sui2 shen1
隐患;yin3 huan4
隐瞒;yin3 man2
隐私;yin3 si1
隐约;yin3 yue1
隐蔽;yin3 bi4
雄伟;xiong2 wei3
雄厚;xiong2 hou4
集中;ji2 zhong1
集合;ji2 he2
集团;ji2 tuan2
集体;ji2 ti3
雇佣;gu4 yong1
雌雄;ci2 xiong2
雕刻;diao1 ke4
雕塑;diao1 su4
虽然;sui1 ran2
双;shuang1
双方;shuang1 fang1
双胞胎;shuang1 bao1 tai1
杂交;za2 jiao1
杂技;za2 ji4
杂志;za2 zhi4
鸡蛋;ji1 dan4
离婚;li2 hun1
离开;li2 kai1
难;nan4|nan2
难免;nan2 mian3
难受;nan2 shou4
难堪;nan2 kan1
难得;nan2 de2
难怪;nan2 guai4
难能可贵;nan2 neng2 ke3 gui4
难过;nan2 guo4
难道;nan2 dao4
雪;xue3
雪上加霜;xue3 shang4 jia1 shuang1
零;ling2
零件;ling2 jian4
零星;ling2 xing1
零钱;ling2 qian2
零食;ling2 shi2
雷;lei2
雷达;lei2 da2
电子邮件;dian4 zi3 you2 jian4
电影;dian4 ying3
电梯;dian4 ti1
电池;dian4 chi2
电源;dian4 yuan2
电脑;dian4 nao3
电台;dian4 tai2
电视;dian4 shi4
需求;xu1 qiu2
需要;xu1 yao4
震撼;zhen4 han4
震惊;zhen4 jing1
霞;xia2
雾;wu4
霸道;ba4 dao4
灵感;ling2 gan3
灵敏;ling2 min3
灵活;ling2 huo2
灵魂;ling2 hun2
青;qing1
青少年;qing1 shao4 nian2
青春;qing1 chun1
非;fei1
非常;fei1 chang2
非法;fei1 fa3
靠;kao4
靠拢;kao4 long3
面子;mian4 zi5
面对;mian4 dui4
面积;mian4 ji1
面临;mian4 lin2
面貌;mian4 mao4
革命;ge2 ming4
巩固;gong3 gu4
鞠躬;ju1 gong1
鞭炮;bian1 pao4
鞭策;bian1 ce4
音乐;yin1 yue4
音响;yin1 xiang3
响;xiang3
响亮;xiang3 liang4
响应;xiang3 ying4
页;xie2|ye4
顶;ding3
项;xiang4
项目;xiang4 mu4
项链;xiang4 lian4
顺便;shun4 bian4
顺利;shun4 li4
顺序;shun4 xu4
须知;xu1 zhi1
预兆;yu4 zhao4
预先;yu4 xian1
预报;yu4 bao4
预料;yu4 liao4
预期;yu4 qi1
预算;yu4 suan4
预习;yu4 xi2
预言;yu4 yan2
预订;yu4 ding4
预防;yu4 fang2
顽固;wan2 gu4
顽强;wan2 qiang2
颁布;ban1 bu4
颁发;ban1 fa1
顿;dun4
顿时;dun4 shi2
颇;po1
领事馆;ling3 shi4 guan3
领先;ling3 xian1
领土;ling3 tu3
领域;ling3 yu4
领导;ling3 dao3
领悟;ling3 wu4
领会;ling3 hui4
领袖;ling3 xiu4
头发;tou2 fa5
颈椎;jing3 zhui1
频率;pin2 lv4
频繁;pin2 fan2
频道;pin2 dao4
颗;ke1
题;ti2
题材;ti2 cai2
题目;ti2 mu4
额外;e2 wai4
颜色;yan2 se4
愿意;yuan4 yi4
愿望;yuan4 wang4
颠倒;dian1 dao3
颠簸;dian1 bo3
类似;lei4 si4
类型;lei4 xing2
顾问;gu4 wen4
顾客;gu4 ke4
顾虑;gu4 lv4
颤抖;chan4 dou3
显得;xian3 de5
显然;xian3 ran2
显示;xian3 shi4
显著;xian3 zhu4
风俗;feng1 su2
风光;feng1 guang1
风味;feng1 wei4
风土人情;feng1 tu3 ren2 qing2
风度;feng1 du4
风景;feng1 jing3
风暴;feng1 bao4
风格;feng1 ge2
风气;feng1 qi4
风趣;feng1 qu4
风险;feng1 xian3
刮风;gua1 feng1
飘;piao1
飘扬;piao1 yang2
飞机;fei1 ji1
飞禽走兽;fei1 qin2 zou3 shou4
飞翔;fei1 xiang2
飞跃;fei1 yue4
食物;shi2 wu4
饥饿;ji1 e4
饭店;fan4 dian4
饮料;yin3 liao4
饮食;yin3 shi2
饲养;si4 yang3
饱;bao3
饱和;bao3 he2
饱经沧桑;bao3 jing1 cang1 sang1
饺子;jiao3 zi5
饼干;bing3 gan1
养成;yang3 cheng2
餐厅;can1 ting1
饿;e4
馅儿;xian4 r5
馒头;man2 tou5
饶恕;rao2 shu4
馋;chan2
首;shou3
首先;shou3 xian1
首要;shou3 yao4
首都;shou3 du1
首饰;shou3 shi4
香;xiang1
香肠;xiang1 chang2
香蕉;xiang1 jiao1
马;ma3
马上;ma3 shang4
马虎;ma3 hu5
驻扎;zhu4 zha1
驾驶;jia4 shi3
骑;qi2|ji4
骗;pian4
骚扰;sao1 rao3
驱逐;qu1 zhu2
骄傲;jiao1 ao4
验收;yan4 shou1
验证;yan4 zheng4
惊动;jing1 dong4
惊奇;jing1 qi2
惊讶;jing1 ya4
骨干;gu3 gan4
骨头;gu3 tou5
体会;ti3 hui4
体现;ti3 xian4
体积;ti3 ji1
体系;ti3 xi4
体育;ti3 yu4
体裁;ti3 cai2
体谅;ti3 liang4
体贴;ti3 tie1
体面;ti3 mian4
体验;ti3 yan4
高;gao1
高尚;gao1 shang4
高峰;gao1 feng1
高明;gao1 ming2
高档;gao1 dang4
高涨;gao1 zhang3
高潮;gao1 chao2
高级;gao1 ji2
高兴;gao1 xing4
高超;gao1 chao1
高速公路;gao1 su4 gong1 lu4
胡须;hu2 xu1
斗争;dou4 zheng1
魄力;po4 li4
魅力;mei4 li4
魔术;mo2 shu4
魔鬼;mo2 gui3
鱼;yu2
鲜明;xian1 ming2
鲜艳;xian1 yan4
鸟;niao3|diao3
鸦雀无声;ya1 que4 wu2 sheng1
鸽子;ge1 zi5
盐;yan2
麦克风;mai4 ke4 feng1
面包;mian4 bao1
面条;mian4 tiao2
麻木;ma2 mu4
麻烦;ma2 fan5
麻痹;ma2 bi4
麻醉;ma2 zui4
黄昏;huang2 hun1
黄金;huang2 jin1
黎明;li2 ming2
黑;hei1
黑板;hei1 ban3
默默;mo4 mo4
点;dian3
点心;dian3 xin5
点缀;dian3 zhui4
党;dang3
鼓动;gu3 dong4
鼓励;gu3 li4
鼓掌;gu3 zhang3
鼓舞;gu3 wu3
鼠标;shu3 biao1
鼻子;bi2 zi5
鼻涕;bi2 ti4
齐全;qi2 quan2
齐心协力;qi2 xin1 xie2 li4
龙;long2
庞大;pang2 da4
